Key (ST_Code),ST Code / Abbr,Product Code,Product Name,Category,Loai Hang,KFM Qty (SL Chuyen),ABA Qty (SL Giao),Diff (Lech),Loai Chenh Lech
BQI_8935058921422,BQI,"=""8935058921422""",CP - XÚC XÍCH PHÔ MAI TAN CHẢY 200G,Meat,Fix weight,0,4,-4,Chưa tạo phiếu KFM
BQI_8935304205849,BQI,"=""8935304205849""",O'FOOD - BÁNH GẠO CHẢ CÁ 340G,Meat,Fix weight,0,4,-4,Chưa tạo phiếu KFM
BQI_8938512932026,BQI,"=""8938512932026""",SG MILK - SỮA CHUA NẾP CẨM SÀI GÒN 120G,Meat,Fix weight,0,8,-8,Chưa tạo phiếu KFM
BQI_8935101608102,BQI,"=""8935101608102""",JONGGA - KIM CHI CẢI THẢO CẮT LÁT 450G,Meat,Fix weight,0,4,-4,Chưa tạo phiếu KFM
BQI_11547,BQI,"=""11547""",HÀNH TÍM XAY 50G,Meat,Fix weight,0,16,-16,Chưa tạo phiếu KFM
BQI_8850393991940,BQI,"=""8850393991940""",BETAGEN - SỮA CHUA UỐNG HỖN HỢP LỐC 6X85ML,Meat,Fix weight,0,6,-6,Chưa tạo phiếu KFM
BQI_8850393919968,BQI,"=""8850393919968""",BETAGEN - SỮA CHUA UỐNG HƯƠNG TỰ NHIÊN 700ML,Meat,Fix weight,0,6,-6,Chưa tạo phiếu KFM
BQI_8850329536658,BQI,"=""8850329536658""",MEIJI - SỮA CHUA UỐNG ORIGINAL LỐC 4*85ML,Meat,Fix weight,0,2,-2,Chưa tạo phiếu KFM
BQI_11742,BQI,"=""11742""",MÍA TƯƠI CẮT KHÚC 500G,Meat,Fix weight,0,6,-6,Chưa tạo phiếu KFM
BQI_8936076271957,BQI,"=""8936076271957""",SAVOURE - BÁNH ỐC KEM 70G,Meat,Fix weight,0,1,-1,Chưa tạo phiếu KFM
BQI_8938505512167,BQI,"=""8938505512167""",SENTA - CỦ NĂNG TƯƠI GỌT VỎ 200G,Meat,Fix weight,0,2,-2,Chưa tạo phiếu KFM
BQI_11546,BQI,"=""11546""",HÀNH TÍM BÓC VỎ 100G,Meat,Fix weight,0,1,-1,Chưa tạo phiếu KFM
BQI_8936076278758,BQI,"=""8936076278758""",SAVOURE - BÁNH SU KEM SỮA CÀ PHÊ MUỐI 75G,Meat,Fix weight,0,1,-1,Chưa tạo phiếu KFM
BQI_11550,BQI,"=""11550""",TỎI HẢI DƯƠNG XAY 50G,Meat,Fix weight,0,21,-21,Chưa tạo phiếu KFM
BQI_11682,BQI,"=""11682""",BÔNG CẢI TRẮNG SƠ CHẾ 200G,Meat,Fix weight,0,2,-2,Chưa tạo phiếu KFM
BQI_8935335403436,BQI,"=""8935335403436""",THỌ PHÁT - BÁNH BAO THỊT HEO 2 TRỨNG CÚT 150G,Meat,Fix weight,0,8,-8,Chưa tạo phiếu KFM
BQI_8934673608824,BQI,"=""8934673608824""",VINAMILK - SCA TRÁI CÂY 100G,Meat,Fix weight,0,48,-48,Chưa tạo phiếu KFM
BQI_8850329003624,BQI,"=""8850329003624""",MEIJI - SỮA THANH TRÙNG LACTOSE FREE 946ML,Meat,Fix weight,0,6,-6,Chưa tạo phiếu KFM
BQI_8936243700006,BQI,"=""8936243700006""",HẢI ĐĂNG - CƠM NẮM BÒ PHÔ MAI CAY 123G,Meat,Fix weight,0,1,-1,Chưa tạo phiếu KFM
BQI_8850329003679,BQI,"=""8850329003679""",MEIJI - SỮA THANH TRÙNG LACTOSE FREE VỊ SOCOLA ĐEN 946ML,Meat,Fix weight,0,2,-2,Chưa tạo phiếu KFM
BQI_8934673320580,BQI,"=""8934673320580""",VINAMILK - SCU PROBI HƯƠNG VIỆT QUẤT 4*130ML,Meat,Fix weight,0,6,-6,Chưa tạo phiếu KFM
BQI_8936243700099,BQI,"=""8936243700099""",HẢI ĐĂNG - CƠM NẮM THANH CUA 110G,Meat,Fix weight,0,1,-1,Chưa tạo phiếu KFM
BQI_10610,BQI,"=""10610""",ZESPRI - HỘP KIWI VÀNG CHÍN 4 QUẢ,Meat,Fix weight,0,5,-5,Chưa tạo phiếu KFM
BQI_8936034878037,BQI,"=""8936034878037""",PONNIE - XIÊN XÚC XÍCH PHÔ MAI 50G,Meat,Fix weight,0,1,-1,Chưa tạo phiếu KFM
BQI_8938502525016,BQI,"=""8938502525016""",THỌ PHÁT - BÁNH BAO NHÂN THỊT TRỨNG CÚT 250G,Meat,Fix weight,0,4,-4,Chưa tạo phiếu KFM
BQI_8938508547562,BQI,"=""8938508547562""",BIBIGO - KIM CHI CẢI THẢO CẮT LÁT 100G,Meat,Fix weight,0,6,-6,Chưa tạo phiếu KFM
BQI_8850329809844,BQI,"=""8850329809844""",MEIJI - SỮA CHUA KIỂU HY LẠP VỊ 3 LOẠI QUẢ MỌNG 500G,Meat,Fix weight,0,2,-2,Chưa tạo phiếu KFM
BQI_8850329103003,BQI,"=""8850329103003""",MEIJI - SỮA THANH TRÙNG 946ML,Meat,Fix weight,0,4,-4,Chưa tạo phiếu KFM
BQI_8936176750017,BQI,"=""8936176750017""",TNT - RAU CÂU NƯỚC DỪA 140G,Meat,Fix weight,0,2,-2,Chưa tạo phiếu KFM
BQI_8938502525054,BQI,"=""8938502525054""",THỌ PHÁT - BÁNH BAO KHÔNG NHÂN 300G,Meat,Fix weight,0,4,-4,Chưa tạo phiếu KFM
BQI_8935058921446,BQI,"=""8935058921446""",CP - XÚC XÍCH MEISTERS WURST PREMIUM 200G,Meat,Fix weight,0,4,-4,Chưa tạo phiếu KFM
BQI_8936000750220,BQI,"=""8936000750220""",ICHIBAN - ĐẬU HŨ TRỨNG ICHI - SAKURA 160G,Meat,Fix weight,0,4,-4,Chưa tạo phiếu KFM
BQI_8936076550014,BQI,"=""8936076550014""",HOFF - VÁNG SỮA VANI 55G,Meat,Fix weight,0,4,-4,Chưa tạo phiếu KFM
BQI_3073780970150,BQI,"=""3073780970150""",CON BÒ CƯỜI - PHÔ MAI 8M LIGHT EXP 120G,Meat,Fix weight,0,4,-4,Chưa tạo phiếu KFM
BQI_8936219620192,BQI,"=""8936219620192""",SAMHO - SUMIRI CÀNG CUA HOÀNG ĐẾ 70G,Meat,Fix weight,0,16,-16,Chưa tạo phiếu KFM
BQI_8935217410507,BQI,"=""8935217410507""",TH TRUE MILK - SC MEN SỐNG VIỆT QUẤT TỰ NHIÊN 100G,Meat,Fix weight,0,24,-24,Chưa tạo phiếu KFM
BQI_11075,BQI,"=""11075""",BẮP MỸ TÁCH HẠT 200G,Meat,Fix weight,0,2,-2,Chưa tạo phiếu KFM
BQI_8935007117104,BQI,"=""8935007117104""",LOTHAMILK - SỮA THANH TRÙNG CÓ ĐƯỜNG CHAI 1760ML,Meat,Fix weight,0,2,-2,Chưa tạo phiếu KFM
BQI_8936176751182,BQI,"=""8936176751182""",TNT - CHÈ BÀ BA 140G,Meat,Fix weight,0,2,-2,Chưa tạo phiếu KFM
BQI_8938503131056,BQI,"=""8938503131056""",ĐÀ LẠT MILK - SỮA TƯƠI THANH TRÙNG HƯƠNG DÂU 180ML,Meat,Fix weight,0,6,-6,Chưa tạo phiếu KFM
BQI_11039,BQI,"=""11039""",YOSHIMOTO - NẤM MỠ MIX PREMIUM GLOBALG.A.P 200G,Meat,Fix weight,0,2,-2,Chưa tạo phiếu KFM
BQI_8936110050494,BQI,"=""8936110050494""",SWEETHOME - RAU CÂU FLAN SƠN THUỶ 145G,Meat,Fix weight,0,3,-3,Chưa tạo phiếu KFM
BQI_8938562884054,BQI,"=""8938562884054""",MINH NHẬT - CÀ PHÊ SỮA 100ML,Meat,Fix weight,0,1,-1,Chưa tạo phiếu KFM
BQI_11750,BQI,"=""11750""",TÁO QUEEN NEW ZEALAND TÚI 950G UP,Meat,Fix weight,0,2,-2,Chưa tạo phiếu KFM
BQI_11570,BQI,"=""11570""",QUÝT NỘI ĐỊA TRUNG TÚI 1.5KG,Meat,Fix weight,0,3,-3,Chưa tạo phiếu KFM
BQI_8936009793174,BQI,"=""8936009793174""",MORINAGA - SỮA CHUA KHÔNG BÉO NHA ĐAM 100G,Meat,Fix weight,0,12,-12,Chưa tạo phiếu KFM
BQI_8936176751007,BQI,"=""8936176751007""",TNT - CHÈ BƯỞI 140G,Meat,Fix weight,0,3,-3,Chưa tạo phiếu KFM
BQI_8936243700112,BQI,"=""8936243700112""",HẢI ĐĂNG - MÌ Ý XỐT CUA 257G,Meat,Fix weight,0,1,-1,Chưa tạo phiếu KFM
BQI_8936110050395,BQI,"=""8936110050395""",SWEETHOME - BÁNH CREPE SỮA TƯƠI 90G,Meat,Fix weight,0,2,-2,Chưa tạo phiếu KFM
BQI_11697,BQI,"=""11697""",VỈ CANH KHOAI MỠ 300G,Meat,Fix weight,0,9,-9,Chưa tạo phiếu KFM
BQI_8938502525245,BQI,"=""8938502525245""",THỌ PHÁT - BÁNH BAO HOÀNG KIM 6x50G,Meat,Fix weight,0,1,-1,Chưa tạo phiếu KFM
BQI_8938500844157,BQI,"=""8938500844157""",VỊ NGUYÊN - ĐẬU HŨ CHIÊN LƯỚT VÁN 300G,Meat,Fix weight,0,6,-6,Chưa tạo phiếu KFM
BQI_8936210410815,BQI,"=""8936210410815""",KITKOOL - BÁNH GIÒ TÔM THỊT TRỨNG CÚT 150G,Meat,Fix weight,0,4,-4,Chưa tạo phiếu KFM
BQI_9354237000410,BQI,"=""9354237000410""",FLORA - BƠ THỰC VẬT HỘP 250G,Meat,Fix weight,0,2,-2,Chưa tạo phiếu KFM
BQI_11541,BQI,"=""11541""",HỖN HỢP CANH SOUP 400G,Meat,Fix weight,0,3,-3,Chưa tạo phiếu KFM
BQI_8938562884023,BQI,"=""8938562884023""",MINH NHẬT - RAU CÂU 3 MÀU 120G,Meat,Fix weight,0,7,-7,Chưa tạo phiếu KFM
BQI_8936110051842,BQI,"=""8936110051842""",SWEETHOME - BÁNH BÔNG LAN KEM TUYẾT 90G,Meat,Fix weight,0,2,-2,Chưa tạo phiếu KFM
BQI_11575,BQI,"=""11575""",LÊ ĐƯỜNG TÚI 1.2KG,Meat,Fix weight,0,3,-3,Chưa tạo phiếu KFM
BQI_8936243700150,BQI,"=""8936243700150""",HẢI ĐĂNG - MÌ Ý XỐT CÀ CHUA BÒ PHÔ MAI 248G,Meat,Fix weight,0,1,-1,Chưa tạo phiếu KFM
BQI_8934673500432,BQI,"=""8934673500432""",VINAMILK - SCA TRÂN CHÂU ĐƯỜNG ĐEN 100G,Meat,Fix weight,0,16,-16,Chưa tạo phiếu KFM
BQI_8936009793167,BQI,"=""8936009793167""",MORINAGA - SỮA CHUA KHÔNG BÉO ÍT ĐƯỜNG 100G,Meat,Fix weight,0,16,-16,Chưa tạo phiếu KFM
BQI_8936009793358,BQI,"=""8936009793358""",MORINAGA - SỮA CHUA KHÔNG BÉO ĐÀO NHA ĐAM 100G,Meat,Fix weight,0,4,-4,Chưa tạo phiếu KFM
BQI_8936000750206,BQI,"=""8936000750206""",ICHIBAN - ĐẬU HŨ TRẮNG ICHI - SAKURA 240G,Meat,Fix weight,0,6,-6,Chưa tạo phiếu KFM
BQI_8936219620161,BQI,"=""8936219620161""",SAMHO - THANH SUMIRI HƯƠNG CUA NHÂN PHÔ MAI 30G,Meat,Fix weight,0,3,-3,Chưa tạo phiếu KFM
BQI_8936049694431,BQI,"=""8936049694431""",HỖN HỢP XÀ LÁCH RADICHIO VÀ ROCKET 100G (ĐÃ RỬA SẠCH),Meat,Fix weight,0,2,-2,Chưa tạo phiếu KFM
BQI_11702,BQI,"=""11702""",CHERRY MỸ HỘP 300G,Meat,Fix weight,0,9,-9,Chưa tạo phiếu KFM
BQI_11775,BQI,"=""11775""",BLUEBERRY CANADA HỘP 170G,Meat,Fix weight,0,2,-2,Chưa tạo phiếu KFM
BQI_10368,BQI,"=""10368""",NHO ĐỎ KẸO MỸ HỘP 450G,Meat,Fix weight,0,12,-12,Chưa tạo phiếu KFM
BQI_8934673101387,BQI,"=""8934673101387""",VINAMILK - SỮA THANH TRÙNG KHÔNG ĐƯỜNG GREEN FARM 900ML,Meat,Fix weight,0,4,-4,Chưa tạo phiếu KFM
BQI_8938503131728,BQI,"=""8938503131728""",ĐÀ LẠT MILK - SỮA TƯƠI THANH TRÙNG SÔCÔLA 180ML,Meat,Fix weight,0,12,-12,Chưa tạo phiếu KFM
BQI_11522,BQI,"=""11522""","HỖN HỢP BÔNG CẢI, CÀ RỐT VÀ & ĐẬU COVE",Meat,Fix weight,0,2,-2,Chưa tạo phiếu KFM
BQI_8938505512549,BQI,"=""8938505512549""",SENTA-SET CANH TIỀM SÂM DÂY NGỌC LINH 300G,Meat,Fix weight,0,1,-1,Chưa tạo phiếu KFM
BQI_8936137310021,BQI,"=""8936137310021""",BARISTA MILK - SỮA THANH TRÙNG CHAI 1.8L,Meat,Fix weight,0,2,-2,Chưa tạo phiếu KFM
BQI_10973,BQI,"=""10973""",NHO MUSCAT NỘI ĐỊA TRUNG HỘP 450G UP,Meat,Fix weight,0,2,-2,Chưa tạo phiếu KFM
BQI_8936000751012,BQI,"=""8936000751012""",ICHIBAN - SỮA ĐẬU NÀNH 350ML,Meat,Fix weight,0,2,-2,Chưa tạo phiếu KFM
BQI_8935101608409,BQI,"=""8935101608409""",JONGGA - KIM CHI CẢI THẢO CẮT LÁT 150G,Meat,Fix weight,0,2,-2,Chưa tạo phiếu KFM
BQI_8850329344352,BQI,"=""8850329344352""",MEIJI - SỮA CHUA ÍT BÉO VỊ TỰ NHIÊN KHÔNG ĐƯỜNG 500G,Meat,Fix weight,0,2,-2,Chưa tạo phiếu KFM
BQI_8936146446728,BQI,"=""8936146446728""",G - CHẢ LỤA 200G,Meat,Fix weight,0,4,-4,Chưa tạo phiếu KFM
BQI_8935049018643,BQI,"=""8935049018643""",NUTIMILK - SCA ÍT ĐƯỜNG 100G,Meat,Fix weight,0,48,-48,Chưa tạo phiếu KFM
BQI_8938500844102,BQI,"=""8938500844102""",VỊ NGUYÊN - ĐẬU HŨ NON 280G,Meat,Fix weight,0,4,-4,Chưa tạo phiếu KFM
BQI_11020,BQI,"=""11020""",CHANH VÀNG NỘI ĐỊA TRUNG 140G up,Meat,Fix weight,0,2,-2,Chưa tạo phiếu KFM
BQI_8935117700036,BQI,"=""8935117700036""",ÁNH HỒNG - BÁNH FLAN 6*54G,Meat,Fix weight,0,2,-2,Chưa tạo phiếu KFM
BQI_8801068038262,BQI,"=""8801068038262""",SAMLIP - BÁNH PHÔ MAI MR.CHEF'S 105G,Meat,Fix weight,0,2,-2,Chưa tạo phiếu KFM
BQI_8936045450956,BQI,"=""8936045450956""",NIPPON CHV - JAMBON XÔNG KHÓI 200G,Meat,Fix weight,0,2,-2,Chưa tạo phiếu KFM
BQI_8935360200055,BQI,"=""8935360200055""",CHERRY MỸ 500G,Meat,Fix weight,0,4,-4,Chưa tạo phiếu KFM
BQI_8934673613828,BQI,"=""8934673613828""",VINAMILK - SCA ÍT ĐƯỜNG 100G,Meat,Fix weight,0,96,-96,Chưa tạo phiếu KFM
BQI_8938505512211,BQI,"=""8938505512211""",SENTA - KHOAI MÔN GỌT VỎ 400G,Meat,Fix weight,0,2,-2,Chưa tạo phiếu KFM
BQI_8935318100093,BQI,"=""8935318100093""",ĐÀ LẠT MILK -  SỮA TƯƠI THANH TRÙNG CHUỐI HỘP 180ML,Meat,Fix weight,0,14,-14,Chưa tạo phiếu KFM
BQI_SP001576,BQI,"=""SP001576""",BBANG HOUSE - BÁNH SU KEM 140G,Meat,Fix weight,0,2,-2,Chưa tạo phiếu KFM
BQI_11540,BQI,"=""11540""",HỖN HỢP CƠM CHIÊN DƯƠNG CHÂU 150G,Meat,Fix weight,0,3,-3,Chưa tạo phiếu KFM
BQI_11545,BQI,"=""11545""",TỎI HẢI DƯƠNG BÓC VỎ 100G,Meat,Fix weight,0,1,-1,Chưa tạo phiếu KFM
BQI_8936204030906,BQI,"=""8936204030906""",ĐẬU ĐỎ TƯƠI 100G,Meat,Fix weight,0,1,-1,Chưa tạo phiếu KFM
BQI_8936049693892,BQI,"=""8936049693892""",HASFARM - HỖN HỢP XÀ LÁCH BABY 100G ( ĐÃ RỬA SẠCH),Meat,Fix weight,0,4,-4,Chưa tạo phiếu KFM
BQI_8936049693908,BQI,"=""8936049693908""",HASFARM - HỖN HỢP XÀ LÁCH BABY VÀ ROCKET 100G ( ĐÃ RỬA SẠCH),Meat,Fix weight,0,1,-1,Chưa tạo phiếu KFM
BQI_8938502525030,BQI,"=""8938502525030""",THỌ PHÁT - BÁNH BAO NHÂN KHOAI MÔN 4x50G,Meat,Fix weight,0,1,-1,Chưa tạo phiếu KFM
BQI_8936076279328,BQI,"=""8936076279328""",SAVOURE - BÁNH SU KEM 150G,Meat,Fix weight,0,10,-10,Chưa tạo phiếu KFM
BQI_SP001577,BQI,"=""SP001577""",BBANG HOUSE - BÁNH CUSTARD 150G,Meat,Fix weight,0,1,-1,Chưa tạo phiếu KFM
BQI_8938541439817,BQI,"=""8938541439817""",TÁO TÚI 1.5KG,Meat,Fix weight,0,7,-7,Chưa tạo phiếu KFM
BQI_10094,BQI,"=""10094""",BLUEBERRY MỸ HỘP 125G,Meat,Fix weight,0,15,-15,Chưa tạo phiếu KFM
BQI_11566,BQI,"=""11566""",BẮP CHUỐI BÀO 200G,Meat,Fix weight,0,1,-1,Chưa tạo phiếu KFM
BQI_8938562884405,BQI,"=""8938562884405""",MINH NHẬT - RAU CÂU FLAN PHOMAI CÀ PHÊ 120G,Meat,Fix weight,0,5,-5,Chưa tạo phiếu KFM
BQI_11106,BQI,"=""11106""",BÔNG CẢI XANH SƠ CHẾ 250G,Meat,Fix weight,0,2,-2,Chưa tạo phiếu KFM
BQI_11498,BQI,"=""11498""",HỖN HỢP BÔNG CẢI VÀ CÀ RỐT 300G,Meat,Fix weight,0,3,-3,Chưa tạo phiếu KFM
BQI_8936176756019,BQI,"=""8936176756019""",TNT - KHOAI LANG HẤP 240G,Meat,Fix weight,0,1,-1,Chưa tạo phiếu KFM
BQI_8938532089991,BQI,"=""8938532089991""",VĨ LÂM - CẢI SẬY CHUA NGỌT CẮT SẴN 500G,Meat,Fix weight,0,2,-2,Chưa tạo phiếu KFM
BQI_8936034876767,BQI,"=""8936034876767""",PONNIE - XÚC XÍCH VÒNG PHÔ MAI 200G,Meat,Fix weight,0,4,-4,Chưa tạo phiếu KFM
BQI_8936034878006,BQI,"=""8936034878006""",PONNIE - XÚC XÍCH ỚT 50G,Meat,Fix weight,0,3,-3,Chưa tạo phiếu KFM
BQI_8938502525726,BQI,"=""8938502525726""",THỌ PHÁT - BÁNH GIÒ NHÂN THỊT 150G,Meat,Fix weight,0,6,-6,Chưa tạo phiếu KFM
BQI_8935117700104,BQI,"=""8935117700104""",ÁNH HỒNG - BÁNH FLAN CARAMEL 6*100G,Meat,Fix weight,0,2,-2,Chưa tạo phiếu KFM
BQI_8935117700128,BQI,"=""8935117700128""",ÁNH HỒNG - BÁNH FLAN CARAMEL CAO CẤP 2*80G,Meat,Fix weight,0,4,-4,Chưa tạo phiếu KFM
BQI_8935007147156,BQI,"=""8935007147156""",LOTHAMILK - SCU THANH TRÙNG CÓ ĐƯỜNG CHAI 473ML,Meat,Fix weight,0,4,-4,Chưa tạo phiếu KFM
BQI_11591,BQI,"=""11591""",MÍT ĐỎ LỘT SẴN HỘP 350G,Meat,Fix weight,0,1,-1,Chưa tạo phiếu KFM
BQI_8888470042001,BQI,"=""8888470042001""",MEIJI - SỮA THANH TRÙNG SOCOLA 200ML,Meat,Fix weight,0,6,-6,Chưa tạo phiếu KFM
BQI_8935360200086,BQI,"=""8935360200086""",NHO XANH MỸ HỘP 450G,Meat,Fix weight,0,1,-1,Chưa tạo phiếu KFM
BQI_11549,BQI,"=""11549""",SẢ XAY 50G,Meat,Fix weight,0,18,-18,Chưa tạo phiếu KFM
BQI_8938503131810,BQI,"=""8938503131810""",ĐÀ LẠT MILK - SỮA TƯƠI THANH TRÙNG 950ML,Meat,Fix weight,0,8,-8,Chưa tạo phiếu KFM
BQI_8938505512204,BQI,"=""8938505512204""",SENTA - KHOAI SỌ GỌT VỎ 400G,Meat,Fix weight,0,3,-3,Chưa tạo phiếu KFM
BQI_11122,BQI,"=""11122""",THƠM TRÁI CẮT SẴN 350G,Meat,Fix weight,0,1,-1,Chưa tạo phiếu KFM
BQI_8935007147200,BQI,"=""8935007147200""",LOTHAMILK - SCA CÓ ĐƯỜNG 95G,Meat,Fix weight,0,48,-48,Chưa tạo phiếu KFM
BQI_8850329103034,BQI,"=""8850329103034""",MEIJI - SỮA THANH TRÙNG VỊ SOCOLA 946ML,Meat,Fix weight,0,2,-2,Chưa tạo phiếu KFM
BQI_8936183060840,BQI,"=""8936183060840""",GFU - KHOAI LANG HẤP TAM SẮC 200G,Meat,Fix weight,0,1,-1,Chưa tạo phiếu KFM
BQI_8936176751236,BQI,"=""8936176751236""",TNT - SET ĂN NHẸ 250G,Meat,Fix weight,0,1,-1,Chưa tạo phiếu KFM
BQI_8935288800023,BQI,"=""8935288800023""",BẮC ÂU - NẤM KIM CHÂM VN HỮU CƠ 150G,Meat,Fix weight,0,15,-15,Chưa tạo phiếu KFM
BQI_8938503131780,BQI,"=""8938503131780""",ĐÀ LẠT MILK - SỮA TƯƠI THANH TRÙNG 180ML,Meat,Fix weight,0,8,-8,Chưa tạo phiếu KFM
BQI_8938503131421,BQI,"=""8938503131421""",ĐÀ LẠT MILK - SỮA CHUA UỐNG CÓ ĐƯỜNG 500ML,Meat,Fix weight,0,6,-6,Chưa tạo phiếu KFM
BQI_8936176751014,BQI,"=""8936176751014""",TNT - CHÈ MÔN 140G,Meat,Fix weight,0,2,-2,Chưa tạo phiếu KFM
BQI_8936049694424,BQI,"=""8936049694424""",HỖN HỢP XÀ LÁCH BABY VÀ RAU THƠM 75G (ĐÃ RỬA SẠCH),Meat,Fix weight,0,2,-2,Chưa tạo phiếu KFM
BQI_8936146442614,BQI,"=""8936146442614""",G - HUYẾT HẤP 400G,Meat,Fix weight,0,5,-5,Chưa tạo phiếu KFM
BQI_8935217430109,BQI,"=""8935217430109""",TH TRUE MILK - BƠ LẠT TỰ NHIÊN VỈ 10X10G,Meat,Fix weight,0,2,-2,Chưa tạo phiếu KFM
BQI_93355421,BQI,"=""93355421""",CHOBANI - SỮA CHUA HY LẠP VỊ BẠC HÀ SOCOLA CHIP 140G,Meat,Fix weight,0,4,-4,Chưa tạo phiếu KFM
BQI_SP001578,BQI,"=""SP001578""",BBANG HOUSE - BÁNH KEM CỐT SOCOLA 120G,Meat,Fix weight,0,3,-3,Chưa tạo phiếu KFM
BQI_8936067100037,BQI,"=""8936067100037""",CHEN LIN- LẠP XƯỞNG TƯƠI 300G,Meat,Fix weight,0,2,-2,Chưa tạo phiếu KFM
BQI_8935217413201,BQI,"=""8935217413201""",TH TRUE MILK - SC NHA ĐAM TỰ NHIÊN 100G,Meat,Fix weight,0,48,-48,Chưa tạo phiếu KFM
BQI_3073781153859,BQI,"=""3073781153859""",BELCUBE - PHÔ MAI VUÔNG VỊ DÂU 15 VIÊN -78G,Meat,Fix weight,0,6,-6,Chưa tạo phiếu KFM
BQI_8934717600784,BQI,"=""8934717600784""",CJ CẦU TRE - XÚC XÍCH ỨC GÀ COCKTAIL PHÔ MAI 200G,Meat,Fix weight,0,4,-4,Chưa tạo phiếu KFM
BQI_8938511301731,BQI,"=""8938511301731""",THƠM - TÀU HŨ TRÀ SỮA VỊ HẠNH NHÂN 130G,Meat,Fix weight,0,1,-1,Chưa tạo phiếu KFM
BQI_8936110050203,BQI,"=""8936110050203""",SWEETHOME - CREPE PUDDING VỊ MATCHA 100G,Meat,Fix weight,0,3,-3,Chưa tạo phiếu KFM
BQI_10216,BQI,"=""10216""",NẤM MỠ NÂU 150G,Meat,Fix weight,0,1,-1,Chưa tạo phiếu KFM
BQI_5704025027640,BQI,"=""5704025027640""",EMBORG - BƠ LẠT COOK & BAKE 200G,Meat,Fix weight,0,4,-4,Chưa tạo phiếu KFM
BQI_5704025011557,BQI,"=""5704025011557""",EMBORG - KEM NẤU TIỆT TRÙNG( 20% CHẤT BÉO) 200ML,Meat,Fix weight,0,4,-4,Chưa tạo phiếu KFM
BQI_8936176751021,BQI,"=""8936176751021""",TNT - CHÈ BẮP 140G,Meat,Fix weight,0,3,-3,Chưa tạo phiếu KFM
BQI_8936243700181,BQI,"=""8936243700181""",HẢI ĐĂNG - MAKIZUSHI HEO KIM CHI 157G,Meat,Fix weight,0,1,-1,Chưa tạo phiếu KFM
BQI_8936146442249,BQI,"=""8936146442249""",G - CHẢ LỤA BÌ ỚT XIÊM XANH QUE 50G,Meat,Fix weight,0,4,-4,Chưa tạo phiếu KFM
BQI_10605,BQI,"=""10605""",ĐÀO DẸT TRUNG HỘP 500GR,Meat,Fix weight,0,2,-2,Chưa tạo phiếu KFM
BQI_11548,BQI,"=""11548""",ỚT XAY 50G,Meat,Fix weight,0,3,-3,Chưa tạo phiếu KFM
BQI_11109,BQI,"=""11109""",HỖN HỢP BÔNG CẢI SƠ CHẾ 250G,Meat,Fix weight,0,3,-3,Chưa tạo phiếu KFM
BQI_8938562884368,BQI,"=""8938562884368""",MINH NHẬT - MOCHI VỊ TRUYỀN THỐNG CHẤM XỐT KEM TƯƠI 85G,Meat,Fix weight,0,2,-2,Chưa tạo phiếu KFM
BQI_8936176751090,BQI,"=""8936176751090""",TNT - CHUỐI RIM CỐT DỪA 140G,Meat,Fix weight,0,1,-1,Chưa tạo phiếu KFM
BQI_8938503131742,BQI,"=""8938503131742""",ĐÀ LẠT MILK - SỮA TƯƠI THANH TRÙNG 450ML,Meat,Fix weight,0,2,-2,Chưa tạo phiếu KFM
BQI_11681,BQI,"=""11681""","HỖN HỢP MĂNG TÂY, BẮP NON, CÀ RỐT 300G",Meat,Fix weight,0,3,-3,Chưa tạo phiếu KFM
BQI_8935335403443,BQI,"=""8935335403443""",THỌ PHÁT - BÁNH BAO GÀ NƯỚNG PHÔ MAI 100G,Meat,Fix weight,0,8,-8,Chưa tạo phiếu KFM
BQI_8938562884191,BQI,"=""8938562884191""",MINH NHẬT - RAU CÂU FLAN PHOMAI CÀ PHÊ 300G,Meat,Fix weight,0,2,-2,Chưa tạo phiếu KFM
BQI_10165,BQI,"=""10165""",TÁO JAZZ NEW ZEALAND TÚI 1KG,Meat,Fix weight,0,5,-5,Chưa tạo phiếu KFM
BQI_8850393801379,BQI,"=""8850393801379""",BETAGEN - SỮA CHUA UỐNG HƯƠNG DÂU 300ML,Meat,Fix weight,0,4,-4,Chưa tạo phiếu KFM
BQI_8936243700174,BQI,"=""8936243700174""",HẢI ĐĂNG - CƠM NGHÊU THỊT XÀO CAY 282G,Meat,Fix weight,0,1,-1,Chưa tạo phiếu KFM
VPC_3073781153859,VPC,"=""3073781153859""",BELCUBE - PHÔ MAI VUÔNG VỊ DÂU 15 VIÊN -78G,Meat,Fix weight,0,9,-9,Chưa tạo phiếu KFM
VPC_8935117700104,VPC,"=""8935117700104""",ÁNH HỒNG - BÁNH FLAN CARAMEL 6*100G,Meat,Fix weight,0,2,-2,Chưa tạo phiếu KFM
VPC_8936000750077,VPC,"=""8936000750077""",ICHIBAN - ĐẬU HŨ MỀM OME 330G,Meat,Fix weight,0,4,-4,Chưa tạo phiếu KFM
VPC_8936176751236,VPC,"=""8936176751236""",TNT - SET ĂN NHẸ 250G,Meat,Fix weight,0,1,-1,Chưa tạo phiếu KFM
VPC_8938503131810,VPC,"=""8938503131810""",ĐÀ LẠT MILK - SỮA TƯƠI THANH TRÙNG 950ML,Meat,Fix weight,0,18,-18,Chưa tạo phiếu KFM
VPC_8935318100093,VPC,"=""8935318100093""",ĐÀ LẠT MILK -  SỮA TƯƠI THANH TRÙNG CHUỐI HỘP 180ML,Meat,Fix weight,0,6,-6,Chưa tạo phiếu KFM
VPC_8935007117098,VPC,"=""8935007117098""",LOTHAMILK - SỮA THANH TRÙNG CÓ ĐƯỜNG 857ML,Meat,Fix weight,0,4,-4,Chưa tạo phiếu KFM
VPC_10368,VPC,"=""10368""",NHO ĐỎ KẸO MỸ HỘP 450G,Meat,Fix weight,0,15,-15,Chưa tạo phiếu KFM
VPC_8936076278765,VPC,"=""8936076278765""",SAVOURE - BÁNH SU KEM SỮA CHANH DÂY 75G,Meat,Fix weight,0,1,-1,Chưa tạo phiếu KFM
VPC_8934673323512,VPC,"=""8934673323512""",VINAMILK - SCU PROBI HƯƠNG DỨA 5*65ML,Meat,Fix weight,0,10,-10,Chưa tạo phiếu KFM
VPC_8850329106561,VPC,"=""8850329106561""",MEIJI - SỮA THANH TRÙNG VỊ CHUỐI 200 ML,Meat,Fix weight,0,2,-2,Chưa tạo phiếu KFM
VPC_3073780970150,VPC,"=""3073780970150""",CON BÒ CƯỜI - PHÔ MAI 8M LIGHT EXP 120G,Meat,Fix weight,0,8,-8,Chưa tạo phiếu KFM
VPC_11295,VPC,"=""11295""",TÁO DAZZLE NEW ZEALAND TÚI 1KG,Meat,Fix weight,0,3,-3,Chưa tạo phiếu KFM
VPC_11106,VPC,"=""11106""",BÔNG CẢI XANH SƠ CHẾ 250G,Meat,Fix weight,0,3,-3,Chưa tạo phiếu KFM
VPC_6954463411658,VPC,"=""6954463411658""",PULMUONE - MỲ UDON ĐẬU HŨ CHẢ CÁ 275G,Meat,Fix weight,0,2,-2,Chưa tạo phiếu KFM
VPC_8938500844102,VPC,"=""8938500844102""",VỊ NGUYÊN - ĐẬU HŨ NON 280G,Meat,Fix weight,0,8,-8,Chưa tạo phiếu KFM
VPC_8938500844157,VPC,"=""8938500844157""",VỊ NGUYÊN - ĐẬU HŨ CHIÊN LƯỚT VÁN 300G,Meat,Fix weight,0,6,-6,Chưa tạo phiếu KFM
VPC_8938500844027,VPC,"=""8938500844027""",VỊ NGUYÊN - ĐẬU HŨ TA 280G,Meat,Fix weight,0,8,-8,Chưa tạo phiếu KFM
VPC_8938505512044,VPC,"=""8938505512044""",SENTA - CỦ SEN TƯƠI CẮT LÁT 250G,Meat,Fix weight,0,2,-2,Chưa tạo phiếu KFM
VPC_11749,VPC,"=""11749""",TÁO GALA NEW ZEALAND TÚI 950G UP,Meat,Fix weight,0,1,-1,Chưa tạo phiếu KFM
VPC_SP001575,VPC,"=""SP001575""",BBANG HOUSE - BÁNH TIRAMISU 150G,Meat,Fix weight,0,2,-2,Chưa tạo phiếu KFM
VPC_8936049693908,VPC,"=""8936049693908""",HASFARM - HỖN HỢP XÀ LÁCH BABY VÀ ROCKET 100G ( ĐÃ RỬA SẠCH),Meat,Fix weight,0,6,-6,Chưa tạo phiếu KFM
VPC_11540,VPC,"=""11540""",HỖN HỢP CƠM CHIÊN DƯƠNG CHÂU 150G,Meat,Fix weight,0,2,-2,Chưa tạo phiếu KFM
VPC_8936049693892,VPC,"=""8936049693892""",HASFARM - HỖN HỢP XÀ LÁCH BABY 100G ( ĐÃ RỬA SẠCH),Meat,Fix weight,0,1,-1,Chưa tạo phiếu KFM
VPC_11548,VPC,"=""11548""",ỚT XAY 50G,Meat,Fix weight,0,4,-4,Chưa tạo phiếu KFM
VPC_8936183060734,VPC,"=""8936183060734""",GFU - XOÀI NGÂM CHUA NGỌT 300G,Meat,Fix weight,0,2,-2,Chưa tạo phiếu KFM
VPC_8936034876934,VPC,"=""8936034876934""",MEAT DELI - CHẢ CỐM 300G,Meat,Fix weight,0,4,-4,Chưa tạo phiếu KFM
VPC_11122,VPC,"=""11122""",THƠM TRÁI CẮT SẴN 350G,Meat,Fix weight,0,1,-1,Chưa tạo phiếu KFM
VPC_8934673320580,VPC,"=""8934673320580""",VINAMILK - SCU PROBI HƯƠNG VIỆT QUẤT 4*130ML,Meat,Fix weight,0,6,-6,Chưa tạo phiếu KFM
VPC_8934673434508,VPC,"=""8934673434508""",VINAMILK - SCU PROBI HƯƠNG DÂU 65ML.,Meat,Fix weight,0,10,-10,Chưa tạo phiếu KFM
VPC_10605,VPC,"=""10605""",ĐÀO DẸT TRUNG HỘP 500GR,Meat,Fix weight,0,7,-7,Chưa tạo phiếu KFM
VPC_8935007117135,VPC,"=""8935007117135""",LOTHAMILK - SỮA THANH TRÙNG CÓ ĐƯỜNG CHAI 473ML,Meat,Fix weight,0,2,-2,Chưa tạo phiếu KFM
VPC_8935007101059,VPC,"=""8935007101059""",LOTHAMILK - SỮA THANH TRÙNG KHÔNG ĐƯỜNG 946ML,Meat,Fix weight,0,5,-5,Chưa tạo phiếu KFM
VPC_8936176751182,VPC,"=""8936176751182""",TNT - CHÈ BÀ BA 140G,Meat,Fix weight,0,3,-3,Chưa tạo phiếu KFM
VPC_11522,VPC,"=""11522""","HỖN HỢP BÔNG CẢI, CÀ RỐT VÀ & ĐẬU COVE",Meat,Fix weight,0,1,-1,Chưa tạo phiếu KFM
VPC_11550,VPC,"=""11550""",TỎI HẢI DƯƠNG XAY 50G,Meat,Fix weight,0,17,-17,Chưa tạo phiếu KFM
VPC_8936110051842,VPC,"=""8936110051842""",SWEETHOME - BÁNH BÔNG LAN KEM TUYẾT 90G,Meat,Fix weight,0,1,-1,Chưa tạo phiếu KFM
VPC_8935288800023,VPC,"=""8935288800023""",BẮC ÂU - NẤM KIM CHÂM VN HỮU CƠ 150G,Meat,Fix weight,0,15,-15,Chưa tạo phiếu KFM
VPC_11566,VPC,"=""11566""",BẮP CHUỐI BÀO 200G,Meat,Fix weight,0,2,-2,Chưa tạo phiếu KFM
VPC_8938503131056,VPC,"=""8938503131056""",ĐÀ LẠT MILK - SỮA TƯƠI THANH TRÙNG HƯƠNG DÂU 180ML,Meat,Fix weight,0,4,-4,Chưa tạo phiếu KFM
VPC_8936146442614,VPC,"=""8936146442614""",G - HUYẾT HẤP 400G,Meat,Fix weight,0,7,-7,Chưa tạo phiếu KFM
VPC_8938503131780,VPC,"=""8938503131780""",ĐÀ LẠT MILK - SỮA TƯƠI THANH TRÙNG 180ML,Meat,Fix weight,0,22,-22,Chưa tạo phiếu KFM
VPC_11697,VPC,"=""11697""",VỈ CANH KHOAI MỠ 300G,Meat,Fix weight,0,15,-15,Chưa tạo phiếu KFM
VPC_8934673320566,VPC,"=""8934673320566""",VINAMILK - SCU PROBI HƯƠNG VIỆT QUẤT 65ML,Meat,Fix weight,0,10,-10,Chưa tạo phiếu KFM
VPC_8850329103034,VPC,"=""8850329103034""",MEIJI - SỮA THANH TRÙNG VỊ SOCOLA 946ML,Meat,Fix weight,0,2,-2,Chưa tạo phiếu KFM
VPC_11742,VPC,"=""11742""",MÍA TƯƠI CẮT KHÚC 500G,Meat,Fix weight,0,17,-17,Chưa tạo phiếu KFM
VPC_11702,VPC,"=""11702""",CHERRY MỸ HỘP 300G,Meat,Fix weight,0,12,-12,Chưa tạo phiếu KFM
VPC_9300658114663,VPC,"=""9300658114663""",FARMERS UNION - SỮA CHUA KIỂU HY LẠP NGUYÊN CHẤT 500G,Meat,Fix weight,0,2,-2,Chưa tạo phiếu KFM
VPC_8934673303521,VPC,"=""8934673303521""",VINAMILK - SCU PROBI ÍT ĐƯỜNG 4*130ML,Meat,Fix weight,0,6,-6,Chưa tạo phiếu KFM
VPC_8935101608409,VPC,"=""8935101608409""",JONGGA - KIM CHI CẢI THẢO CẮT LÁT 150G,Meat,Fix weight,0,2,-2,Chưa tạo phiếu KFM
VPC_8936034876767,VPC,"=""8936034876767""",PONNIE - XÚC XÍCH VÒNG PHÔ MAI 200G,Meat,Fix weight,0,4,-4,Chưa tạo phiếu KFM
VPC_8850329003624,VPC,"=""8850329003624""",MEIJI - SỮA THANH TRÙNG LACTOSE FREE 946ML,Meat,Fix weight,0,6,-6,Chưa tạo phiếu KFM
VPC_8936039541233,VPC,"=""8936039541233""",HỒNG HƯƠNG - KHÔ MỰC NHỎ 100G,Meat,Fix weight,0,2,-2,Chưa tạo phiếu KFM
VPC_8938562884016,VPC,"=""8938562884016""",MINH NHẬT - CHÈ DƯỠNG NHAN 330G,Meat,Fix weight,0,2,-2,Chưa tạo phiếu KFM
VPC_8888470042001,VPC,"=""8888470042001""",MEIJI - SỮA THANH TRÙNG SOCOLA 200ML,Meat,Fix weight,0,4,-4,Chưa tạo phiếu KFM
VPC_8850329344352,VPC,"=""8850329344352""",MEIJI - SỮA CHUA ÍT BÉO VỊ TỰ NHIÊN KHÔNG ĐƯỜNG 500G,Meat,Fix weight,0,2,-2,Chưa tạo phiếu KFM
VPC_8936219620192,VPC,"=""8936219620192""",SAMHO - SUMIRI CÀNG CUA HOÀNG ĐẾ 70G,Meat,Fix weight,0,8,-8,Chưa tạo phiếu KFM
VPC_8938529045030,VPC,"=""8938529045030""",NGỌC THƠM - GIÒ TAI LƯỠI XÀO 250G,Meat,Fix weight,0,4,-4,Chưa tạo phiếu KFM
VPC_8935319202376,VPC,"=""8935319202376""",SANWAN-CHÀ LÀ NGUYÊN CÀNH 500G,Meat,Fix weight,0,2,-2,Chưa tạo phiếu KFM
VPC_8936243700099,VPC,"=""8936243700099""",HẢI ĐĂNG - CƠM NẮM THANH CUA 110G,Meat,Fix weight,0,2,-2,Chưa tạo phiếu KFM
VPC_8938502525245,VPC,"=""8938502525245""",THỌ PHÁT - BÁNH BAO HOÀNG KIM 6x50G,Meat,Fix weight,0,3,-3,Chưa tạo phiếu KFM
VPC_8936176751090,VPC,"=""8936176751090""",TNT - CHUỐI RIM CỐT DỪA 140G,Meat,Fix weight,0,1,-1,Chưa tạo phiếu KFM
VPC_8936176751007,VPC,"=""8936176751007""",TNT - CHÈ BƯỞI 140G,Meat,Fix weight,0,8,-8,Chưa tạo phiếu KFM
VPC_8938541439817,VPC,"=""8938541439817""",TÁO TÚI 1.5KG,Meat,Fix weight,0,3,-3,Chưa tạo phiếu KFM
VPC_8936243700013,VPC,"=""8936243700013""",HẢI ĐĂNG - CƠM NẮM CÁ HỒI XỐT TƯƠNG NHẬT 110G,Meat,Fix weight,0,4,-4,Chưa tạo phiếu KFM
VPC_5711953091940,VPC,"=""5711953091940""",ARLA - PHÔ MAI BÀO MOZZARELLA 175G,Meat,Fix weight,0,8,-8,Chưa tạo phiếu KFM
VPC_8936183060840,VPC,"=""8936183060840""",GFU - KHOAI LANG HẤP TAM SẮC 200G,Meat,Fix weight,0,1,-1,Chưa tạo phiếu KFM
VPC_11020,VPC,"=""11020""",CHANH VÀNG NỘI ĐỊA TRUNG 140G up,Meat,Fix weight,0,2,-2,Chưa tạo phiếu KFM
VPC_8936110050395,VPC,"=""8936110050395""",SWEETHOME - BÁNH CREPE SỮA TƯƠI 90G,Meat,Fix weight,0,4,-4,Chưa tạo phiếu KFM
VPC_8938503131742,VPC,"=""8938503131742""",ĐÀ LẠT MILK - SỮA TƯƠI THANH TRÙNG 450ML,Meat,Fix weight,0,6,-6,Chưa tạo phiếu KFM
VPC_8936176751014,VPC,"=""8936176751014""",TNT - CHÈ MÔN 140G,Meat,Fix weight,0,2,-2,Chưa tạo phiếu KFM
VPC_8850329183715,VPC,"=""8850329183715""",MEIJI - SỮA THANH TRÙNG 4.3% 946ML,Meat,Fix weight,0,2,-2,Chưa tạo phiếu KFM
VPC_8850329103003,VPC,"=""8850329103003""",MEIJI - SỮA THANH TRÙNG 946ML,Meat,Fix weight,0,4,-4,Chưa tạo phiếu KFM
VPC_8938504823073,VPC,"=""8938504823073""",TIẾN TẤN ĐẠT - LẠP XƯỞNG TƯƠI VỊ TIÊU 250G,Meat,Fix weight,0,2,-2,Chưa tạo phiếu KFM
VPC_8936067100037,VPC,"=""8936067100037""",CHEN LIN- LẠP XƯỞNG TƯƠI 300G,Meat,Fix weight,0,6,-6,Chưa tạo phiếu KFM
VPC_8934673900928,VPC,"=""8934673900928""",VINAMILK - PHÔ MAI 120G,Meat,Fix weight,0,4,-4,Chưa tạo phiếu KFM
VPC_8936176750017,VPC,"=""8936176750017""",TNT - RAU CÂU NƯỚC DỪA 140G,Meat,Fix weight,0,3,-3,Chưa tạo phiếu KFM
VPC_8938503131728,VPC,"=""8938503131728""",ĐÀ LẠT MILK - SỮA TƯƠI THANH TRÙNG SÔCÔLA 180ML,Meat,Fix weight,0,18,-18,Chưa tạo phiếu KFM
VPC_11567,VPC,"=""11567""",RAU MUỐNG BÀO 200G,Meat,Fix weight,0,1,-1,Chưa tạo phiếu KFM
VPC_8938511301212,VPC,"=""8938511301212""",THƠM - TÀU HŨ MATCHA 130G,Meat,Fix weight,0,2,-2,Chưa tạo phiếu KFM
VPC_11439,VPC,"=""11439""",VỈ ĐU ĐỦ CẮT KHÚC 400G,Meat,Fix weight,0,2,-2,Chưa tạo phiếu KFM
VPC_8935049018643,VPC,"=""8935049018643""",NUTIMILK - SCA ÍT ĐƯỜNG 100G,Meat,Fix weight,0,48,-48,Chưa tạo phiếu KFM
VPC_8936216431029,VPC,"=""8936216431029""",LC FOODS - DỒI SỤN THƯỢNG HẠNG 500G,Meat,Fix weight,0,4,-4,Chưa tạo phiếu KFM
VPC_8938502525016,VPC,"=""8938502525016""",THỌ PHÁT - BÁNH BAO NHÂN THỊT TRỨNG CÚT 250G,Meat,Fix weight,0,2,-2,Chưa tạo phiếu KFM
VPC_10973,VPC,"=""10973""",NHO MUSCAT NỘI ĐỊA TRUNG HỘP 450G UP,Meat,Fix weight,0,7,-7,Chưa tạo phiếu KFM
VPC_11549,VPC,"=""11549""",SẢ XAY 50G,Meat,Fix weight,0,11,-11,Chưa tạo phiếu KFM
VPC_8938505512204,VPC,"=""8938505512204""",SENTA - KHOAI SỌ GỌT VỎ 400G,Meat,Fix weight,0,5,-5,Chưa tạo phiếu KFM
VPC_8938511301595,VPC,"=""8938511301595""",THƠM - TRÀ SỮA ÔLONG TỨ QUÝ 250ML,Meat,Fix weight,0,4,-4,Chưa tạo phiếu KFM
VPC_8936243700105,VPC,"=""8936243700105""",HẢI ĐĂNG - CƠM NẮM TÔM SATE MAYO 109G,Meat,Fix weight,0,2,-2,Chưa tạo phiếu KFM
VPC_9310653105597,VPC,"=""9310653105597""",CHOBANI - SỮA CHUA HY LẠP VỊ VIỆT QUẤT 160G,Meat,Fix weight,0,4,-4,Chưa tạo phiếu KFM
VPC_8934673500548,VPC,"=""8934673500548""",VINAMILK - SCA GREEN FARM ÍT ĐƯỜNG HỘP 100G LỐC 4,Meat,Fix weight,0,96,-96,Chưa tạo phiếu KFM
VPC_8936243700037,VPC,"=""8936243700037""",HẢI ĐĂNG - SANDWICH CÁ NGỪ BẮP VÀ TRỨNG 91G,Meat,Fix weight,0,1,-1,Chưa tạo phiếu KFM
VPC_8936110050203,VPC,"=""8936110050203""",SWEETHOME - CREPE PUDDING VỊ MATCHA 100G,Meat,Fix weight,0,1,-1,Chưa tạo phiếu KFM
VPC_8938562884054,VPC,"=""8938562884054""",MINH NHẬT - CÀ PHÊ SỮA 100ML,Meat,Fix weight,0,2,-2,Chưa tạo phiếu KFM
VPC_8885020330052,VPC,"=""8885020330052""",XÀ LÁCH HỖN HỢP PURE ROCKET 100G (ĐÃ RỬA SẠCH),Meat,Fix weight,0,2,-2,Chưa tạo phiếu KFM
VPC_8936176751175,VPC,"=""8936176751175""",TNT - CHÈ DỪA NON KIỂU THÁI 140G,Meat,Fix weight,0,3,-3,Chưa tạo phiếu KFM
VPC_11545,VPC,"=""11545""",TỎI HẢI DƯƠNG BÓC VỎ 100G,Meat,Fix weight,0,1,-1,Chưa tạo phiếu KFM
VPC_8936110051361,VPC,"=""8936110051361""",SWEETHOME - CHÈ ĐẬU TRẮNG CỐT DỪA 140G,Meat,Fix weight,0,2,-2,Chưa tạo phiếu KFM
VPC_8935007147156,VPC,"=""8935007147156""",LOTHAMILK - SCU THANH TRÙNG CÓ ĐƯỜNG CHAI 473ML,Meat,Fix weight,0,4,-4,Chưa tạo phiếu KFM
VPC_8935217413003,VPC,"=""8935217413003""",TH TRUE MILK - SC CÓ ĐƯỜNG 100G,Meat,Fix weight,0,48,-48,Chưa tạo phiếu KFM
VPC_8935101608102,VPC,"=""8935101608102""",JONGGA - KIM CHI CẢI THẢO CẮT LÁT 450G,Meat,Fix weight,0,4,-4,Chưa tạo phiếu KFM
VPC_8936000751050,VPC,"=""8936000751050""",ICHIBAN - ĐẬU HŨ CHIÊN ICHI - SAKURA 500G,Meat,Fix weight,0,4,-4,Chưa tạo phiếu KFM
VPC_8938532089991,VPC,"=""8938532089991""",VĨ LÂM - CẢI SẬY CHUA NGỌT CẮT SẴN 500G,Meat,Fix weight,0,2,-2,Chưa tạo phiếu KFM
VPC_8936243700150,VPC,"=""8936243700150""",HẢI ĐĂNG - MÌ Ý XỐT CÀ CHUA BÒ PHÔ MAI 248G,Meat,Fix weight,0,2,-2,Chưa tạo phiếu KFM
VPC_11775,VPC,"=""11775""",BLUEBERRY CANADA HỘP 170G,Meat,Fix weight,0,16,-16,Chưa tạo phiếu KFM
VPC_SP001578,VPC,"=""SP001578""",BBANG HOUSE - BÁNH KEM CỐT SOCOLA 120G,Meat,Fix weight,0,4,-4,Chưa tạo phiếu KFM
VPC_10610,VPC,"=""10610""",ZESPRI - HỘP KIWI VÀNG CHÍN 4 QUẢ,Meat,Fix weight,0,24,-24,Chưa tạo phiếu KFM
VPC_11755,VPC,"=""11755""",TÁO BRAEBURN NEWZEALAND TÚI 1.5KG,Meat,Fix weight,0,2,-2,Chưa tạo phiếu KFM
VPC_11063,VPC,"=""11063""",NẤM KIM CHÂM HÀN QUỐC 150G,Meat,Fix weight,0,18,-18,Chưa tạo phiếu KFM
VPC_8935335403443,VPC,"=""8935335403443""",THỌ PHÁT - BÁNH BAO GÀ NƯỚNG PHÔ MAI 100G,Meat,Fix weight,0,4,-4,Chưa tạo phiếu KFM
VPC_8936204030586,VPC,"=""8936204030586""",AN LẠC- ĐẬU TƯƠI HỖN HỢP 100G,Meat,Fix weight,0,2,-2,Chưa tạo phiếu KFM
VPC_11547,VPC,"=""11547""",HÀNH TÍM XAY 50G,Meat,Fix weight,0,6,-6,Chưa tạo phiếu KFM
VPC_8934673300742,VPC,"=""8934673300742""",VINAMILK - SCU PROBI LỰU ĐỎ ÍT ĐƯỜNG 130ML*4,Meat,Fix weight,0,6,-6,Chưa tạo phiếu KFM
VPC_8934673500777,VPC,"=""8934673500777""",VINAMILK - SCA LỰU ĐỎ ÍT ĐƯỜNG 100G,Meat,Fix weight,0,12,-12,Chưa tạo phiếu KFM
VPC_11575,VPC,"=""11575""",LÊ ĐƯỜNG TÚI 1.2KG,Meat,Fix weight,0,3,-3,Chưa tạo phiếu KFM
VPC_8934673500432,VPC,"=""8934673500432""",VINAMILK - SCA TRÂN CHÂU ĐƯỜNG ĐEN 100G,Meat,Fix weight,0,24,-24,Chưa tạo phiếu KFM
VPC_3073781203875,VPC,"=""3073781203875""",BELCUBE - PHÔ MAI VỊ VIỆT QUẤT GÓI 15 VIÊN - 78G,Meat,Fix weight,0,3,-3,Chưa tạo phiếu KFM
VPC_8936045452066,VPC,"=""8936045452066""",NIPPON CHV - XÚC XÍCH SCHAU ESSEN 200G,Meat,Fix weight,0,4,-4,Chưa tạo phiếu KFM
VPC_8938508547562,VPC,"=""8938508547562""",BIBIGO - KIM CHI CẢI THẢO CẮT LÁT 100G,Meat,Fix weight,0,4,-4,Chưa tạo phiếu KFM
VPC_8935335403436,VPC,"=""8935335403436""",THỌ PHÁT - BÁNH BAO THỊT HEO 2 TRỨNG CÚT 150G,Meat,Fix weight,0,9,-9,Chưa tạo phiếu KFM
VPC_8935217430109,VPC,"=""8935217430109""",TH TRUE MILK - BƠ LẠT TỰ NHIÊN VỈ 10X10G,Meat,Fix weight,0,2,-2,Chưa tạo phiếu KFM
VPC_8936012063028,VPC,"=""8936012063028""",MỘC CHÂU CREAMERY - SCA KHÔNG ĐƯỜNG 100G,Meat,Fix weight,0,24,-24,Chưa tạo phiếu KFM
VPC_11750,VPC,"=""11750""",TÁO QUEEN NEW ZEALAND TÚI 950G UP,Meat,Fix weight,0,2,-2,Chưa tạo phiếu KFM
VPC_10094,VPC,"=""10094""",BLUEBERRY MỸ HỘP 125G,Meat,Fix weight,0,10,-10,Chưa tạo phiếu KFM
VPC_8936049694417,VPC,"=""8936049694417""",HỖN HỢP CẢI KALE VÀ BÓ XÔI BABY 75G (ĐÃ RỬA SẠCH),Meat,Fix weight,0,2,-2,Chưa tạo phiếu KFM
VPC_SP001595,VPC,"=""SP001595""",BBANG HOUSE - BÁNH ITALIA CARAMEL 100G,Meat,Fix weight,0,1,-1,Chưa tạo phiếu KFM
VPC_8936183060833,VPC,"=""8936183060833""",GFU - BẮP HẤP 200G,Meat,Fix weight,0,1,-1,Chưa tạo phiếu KFM
VPC_11546,VPC,"=""11546""",HÀNH TÍM BÓC VỎ 100G,Meat,Fix weight,0,3,-3,Chưa tạo phiếu KFM
VPC_8938505512211,VPC,"=""8938505512211""",SENTA - KHOAI MÔN GỌT VỎ 400G,Meat,Fix weight,0,2,-2,Chưa tạo phiếu KFM
VPC_8936049693397,VPC,"=""8936049693397""",SALAD HỖN HỢP RAU XANH GLOBAL GAP 150G ( ĐÃ RỬA SẠCH),Meat,Fix weight,0,1,-1,Chưa tạo phiếu KFM
VPC_8938562884375,VPC,"=""8938562884375""",MINH NHẬT - MOCHI VỊ MATCHA CHẤM XỐT KEM TƯƠI 85G,Meat,Fix weight,0,1,-1,Chưa tạo phiếu KFM
VPC_8938562884368,VPC,"=""8938562884368""",MINH NHẬT - MOCHI VỊ TRUYỀN THỐNG CHẤM XỐT KEM TƯƠI 85G,Meat,Fix weight,0,1,-1,Chưa tạo phiếu KFM
VPC_8938562884405,VPC,"=""8938562884405""",MINH NHẬT - RAU CÂU FLAN PHOMAI CÀ PHÊ 120G,Meat,Fix weight,0,6,-6,Chưa tạo phiếu KFM
VPC_8936034878006,VPC,"=""8936034878006""",PONNIE - XÚC XÍCH ỚT 50G,Meat,Fix weight,0,6,-6,Chưa tạo phiếu KFM
VPC_8850393919975,VPC,"=""8850393919975""",BETAGEN - SỮA CHUA UỐNG HƯƠNG TỰ NHIÊN 400ML,Meat,Fix weight,0,6,-6,Chưa tạo phiếu KFM
VPC_8934673500944,VPC,"=""8934673500944""",VINAMILK - SCA VIỆT QUẤT ÍT ĐƯỜNG 100G,Meat,Fix weight,0,48,-48,Chưa tạo phiếu KFM
VPC_8850329123575,VPC,"=""8850329123575""",MEIJI - SỮA THANH TRÙNG HUƠNG DƯA LƯỚI 946ML,Meat,Fix weight,0,2,-2,Chưa tạo phiếu KFM
VPC_8935304205849,VPC,"=""8935304205849""",O'FOOD - BÁNH GẠO CHẢ CÁ 340G,Meat,Fix weight,0,2,-2,Chưa tạo phiếu KFM
VPC_8936210410815,VPC,"=""8936210410815""",KITKOOL - BÁNH GIÒ TÔM THỊT TRỨNG CÚT 150G,Meat,Fix weight,0,2,-2,Chưa tạo phiếu KFM
VPC_6954463412006,VPC,"=""6954463412006""",PULMUONE - MÌ TƯƠNG ĐEN NGUYÊN BẢN KIỂU HÀN QUỐC 312.3G,Meat,Fix weight,0,2,-2,Chưa tạo phiếu KFM
VPC_10606,VPC,"=""10606""",HỒNG TÁO HỘP 500G,Meat,Fix weight,0,13,-13,Chưa tạo phiếu KFM
VPC_8938562884191,VPC,"=""8938562884191""",MINH NHẬT - RAU CÂU FLAN PHOMAI CÀ PHÊ 300G,Meat,Fix weight,0,3,-3,Chưa tạo phiếu KFM
VPC_11682,VPC,"=""11682""",BÔNG CẢI TRẮNG SƠ CHẾ 200G,Meat,Fix weight,0,1,-1,Chưa tạo phiếu KFM
VPC_8938503131377,VPC,"=""8938503131377""",ĐÀ LẠT MILK - SỮA CHUA CÓ ĐƯỜNG 500G,Meat,Fix weight,0,2,-2,Chưa tạo phiếu KFM
VPC_11593,VPC,"=""11593""",BƯỞI DA XANH LỘT SẴN 350G,Meat,Fix weight,0,1,-1,Chưa tạo phiếu KFM
VPC_10607,VPC,"=""10607""",QUÝT ÚC TÚI 1KG,Meat,Fix weight,0,6,-6,Chưa tạo phiếu KFM
VPC_8936243700082,VPC,"=""8936243700082""",HẢI ĐĂNG - CƠM NẮM GÀ TERIYAKI 115G,Meat,Fix weight,0,2,-2,Chưa tạo phiếu KFM
VPC_11526,VPC,"=""11526""",HỖN HỢP ỚT CHUÔNG VÀ HÀNH TÂY 300G,Meat,Fix weight,0,1,-1,Chưa tạo phiếu KFM
VPC_8936204030906,VPC,"=""8936204030906""",ĐẬU ĐỎ TƯƠI 100G,Meat,Fix weight,0,1,-1,Chưa tạo phiếu KFM
VPC_8938511301731,VPC,"=""8938511301731""",THƠM - TÀU HŨ TRÀ SỮA VỊ HẠNH NHÂN 130G,Meat,Fix weight,0,1,-1,Chưa tạo phiếu KFM
VPC_8936146442249,VPC,"=""8936146442249""",G - CHẢ LỤA BÌ ỚT XIÊM XANH QUE 50G,Meat,Fix weight,0,16,-16,Chưa tạo phiếu KFM
VPC_8936045450130,VPC,"=""8936045450130""",NIPPON CHV - BA RỌI XÔNG KHÓI 200G,Meat,Fix weight,0,2,-2,Chưa tạo phiếu KFM
VPC_8936199380345,VPC,"=""8936199380345""",FAMILY MEALS - BÁNH GIÒ NHÂN THỊT TRỨNG MUỐI 175G,Meat,Fix weight,0,2,-2,Chưa tạo phiếu KFM
VPC_8938532089007,VPC,"=""8938532089007""",VĨ LÂM - CẢI SẬY CHUA 500G,Meat,Fix weight,0,2,-2,Chưa tạo phiếu KFM
VPC_3073781110685,VPC,"=""3073781110685""",BELCUBE - PHÔ MAI VỊ SỮA GÓI 15 VIÊN - 78G,Meat,Fix weight,0,3,-3,Chưa tạo phiếu KFM
VPC_8934673101387,VPC,"=""8934673101387""",VINAMILK - SỮA THANH TRÙNG KHÔNG ĐƯỜNG GREEN FARM 900ML,Meat,Fix weight,0,2,-2,Chưa tạo phiếu KFM
VPC_8935217413409,VPC,"=""8935217413409""",TH TRUE MILK - SC VỊ TỰ NHIÊN 100G,Meat,Fix weight,0,96,-96,Chưa tạo phiếu KFM
VPC_8850329106578,VPC,"=""8850329106578""",MEIJI - SỮA THANH TRÙNG VỊ DƯA LƯỚI 200 ML,Meat,Fix weight,0,4,-4,Chưa tạo phiếu KFM
VPC_8850329101863,VPC,"=""8850329101863""",MEIJI - SỮA TƯƠI THANH TRÙNG LACTOSE FREE 200ML,Meat,Fix weight,0,12,-12,Chưa tạo phiếu KFM
VPC_11570,VPC,"=""11570""",QUÝT NỘI ĐỊA TRUNG TÚI 1.5KG,Meat,Fix weight,0,20,-20,Chưa tạo phiếu KFM
VPC_11532,VPC,"=""11532""",TÁO XANH MỸ TÚI 900G UP,Meat,Fix weight,0,1,-1,Chưa tạo phiếu KFM
VPC_93569750,VPC,"=""93569750""",CHOBANI - SỮA CHUA HY LẠP VỊ SOCOLA BROWNIE 140G,Meat,Fix weight,0,2,-2,Chưa tạo phiếu KFM
VPC_8938505512013,VPC,"=""8938505512013""",SENTA - HẠT SEN TƯƠI 200G,Meat,Fix weight,0,2,-2,Chưa tạo phiếu KFM
VPC_8938502525030,VPC,"=""8938502525030""",THỌ PHÁT - BÁNH BAO NHÂN KHOAI MÔN 4x50G,Meat,Fix weight,0,2,-2,Chưa tạo phiếu KFM
VPC_8938503131971,VPC,"=""8938503131971""",ĐÀ LẠT MILK - SỮA CHUA VỊ TỰ NHIÊN 500G,Meat,Fix weight,0,6,-6,Chưa tạo phiếu KFM
VPC_8936076279328,VPC,"=""8936076279328""",SAVOURE - BÁNH SU KEM 150G,Meat,Fix weight,0,13,-13,Chưa tạo phiếu KFM
VPC_8938562884023,VPC,"=""8938562884023""",MINH NHẬT - RAU CÂU 3 MÀU 120G,Meat,Fix weight,0,6,-6,Chưa tạo phiếu KFM
VPC_8885020330014,VPC,"=""8885020330014""",DALAT HILL-XÀ LÁCH HỖN HỢP SPRING MIX 100G,Meat,Fix weight,0,1,-1,Chưa tạo phiếu KFM
VPC_8938562884061,VPC,"=""8938562884061""",MINH NHẬT - CÀ PHÊ MUỐI 100ML,Meat,Fix weight,0,1,-1,Chưa tạo phiếu KFM
VPC_8935318100062,VPC,"=""8935318100062""",ĐÀ LẠT MILK -  SỮA TƯƠI THANH TRÙNG ÍT ĐƯỜNG 450ML,Meat,Fix weight,0,6,-6,Chưa tạo phiếu KFM
VPC_8936176751021,VPC,"=""8936176751021""",TNT - CHÈ BẮP 140G,Meat,Fix weight,0,4,-4,Chưa tạo phiếu KFM
VPC_8938505512402,VPC,"=""8938505512402""",SENTA - KHOAI MỠ GỌT VỎ 400G,Meat,Fix weight,0,3,-3,Chưa tạo phiếu KFM
VPC_8935360200055,VPC,"=""8935360200055""",CHERRY MỸ 500G,Meat,Fix weight,0,8,-8,Chưa tạo phiếu KFM
VPC_8934673303507,VPC,"=""8934673303507""",VINAMILK - SCU PROBI ÍT ĐƯỜNG 5*65ML,Meat,Fix weight,0,10,-10,Chưa tạo phiếu KFM
VPC_4903308014402,VPC,"=""4903308014402""",QBB - PHÔ MAI NHẬT VỊ VANILLA 90G,Meat,Fix weight,0,4,-4,Chưa tạo phiếu KFM
VPC_4903308014426,VPC,"=""4903308014426""",QBB - PHÔ MAI NHẬT CÁC LOẠI HẠT DINH DƯỠNG 90G,Meat,Fix weight,0,4,-4,Chưa tạo phiếu KFM
VPC_8934673435505,VPC,"=""8934673435505""",VINAMILK - SCU PROBI HƯƠNG DƯA GANG 65ML.,Meat,Fix weight,0,20,-20,Chưa tạo phiếu KFM
VPC_8936210411591,VPC,"=""8936210411591""",KITKOOL - BÁNH BAO BÍ ĐỎ NHÂN THỊT BÒ PHÔ MAI MOZZARELLA 300G,Meat,Fix weight,0,2,-2,Chưa tạo phiếu KFM
VPC_8938528582574,VPC,"=""8938528582574""",NGỌC TÚ - BÁNH GIÒ THỊT HEO TRỨNG CÚT 160G,Meat,Fix weight,0,6,-6,Chưa tạo phiếu KFM
VPC_8938502525726,VPC,"=""8938502525726""",THỌ PHÁT - BÁNH GIÒ NHÂN THỊT 150G,Meat,Fix weight,0,6,-6,Chưa tạo phiếu KFM
VPC_8938505512488,VPC,"=""8938505512488""",SET NGUYÊN LIỆU CHÈ HẠT SEN LONG NHÃN 200G,Meat,Fix weight,0,2,-2,Chưa tạo phiếu KFM
VPC_11438,VPC,"=""11438""",VỈ KHỔ QUA CẮT LÁT 300G,Meat,Fix weight,0,6,-6,Chưa tạo phiếu KFM
A123_8934673500548,A123,"=""8934673500548""",VINAMILK - SCA GREEN FARM ÍT ĐƯỜNG HỘP 100G LỐC 4,Meat,Fix weight,0,24,-24,Chưa tạo phiếu KFM
A123_8935217413409,A123,"=""8935217413409""",TH TRUE MILK - SC VỊ TỰ NHIÊN 100G,Meat,Fix weight,0,24,-24,Chưa tạo phiếu KFM
A123_8936146440467,A123,"=""8936146440467""",G - CHẢ LỤA BÌ ỚT XIÊM XANH 500G,Meat,Fix weight,0,6,-6,Chưa tạo phiếu KFM
A123_11591,A123,"=""11591""",MÍT ĐỎ LỘT SẴN HỘP 350G,Meat,Fix weight,0,1,-1,Chưa tạo phiếu KFM
A123_10216,A123,"=""10216""",NẤM MỠ NÂU 150G,Meat,Fix weight,0,1,-1,Chưa tạo phiếu KFM
A123_8936176751090,A123,"=""8936176751090""",TNT - CHUỐI RIM CỐT DỪA 140G,Meat,Fix weight,0,1,-1,Chưa tạo phiếu KFM
A123_8936176751182,A123,"=""8936176751182""",TNT - CHÈ BÀ BA 140G,Meat,Fix weight,0,1,-1,Chưa tạo phiếu KFM
A123_8936146442249,A123,"=""8936146442249""",G - CHẢ LỤA BÌ ỚT XIÊM XANH QUE 50G,Meat,Fix weight,0,4,-4,Chưa tạo phiếu KFM
A123_8934673606820,A123,"=""8934673606820""",VINAMILK - SCA CÓ ĐƯỜNG 100G,Meat,Fix weight,0,24,-24,Chưa tạo phiếu KFM
A123_8938562884375,A123,"=""8938562884375""",MINH NHẬT - MOCHI VỊ MATCHA CHẤM XỐT KEM TƯƠI 85G,Meat,Fix weight,0,1,-1,Chưa tạo phiếu KFM
A123_11545,A123,"=""11545""",TỎI HẢI DƯƠNG BÓC VỎ 100G,Meat,Fix weight,0,2,-2,Chưa tạo phiếu KFM
A123_11550,A123,"=""11550""",TỎI HẢI DƯƠNG XAY 50G,Meat,Fix weight,0,3,-3,Chưa tạo phiếu KFM
A123_8938511301731,A123,"=""8938511301731""",THƠM - TÀU HŨ TRÀ SỮA VỊ HẠNH NHÂN 130G,Meat,Fix weight,0,1,-1,Chưa tạo phiếu KFM
A123_8936000750077,A123,"=""8936000750077""",ICHIBAN - ĐẬU HŨ MỀM OME 330G,Meat,Fix weight,0,2,-2,Chưa tạo phiếu KFM
A123_3073781203875,A123,"=""3073781203875""",BELCUBE - PHÔ MAI VỊ VIỆT QUẤT GÓI 15 VIÊN - 78G,Meat,Fix weight,0,3,-3,Chưa tạo phiếu KFM
A123_11593,A123,"=""11593""",BƯỞI DA XANH LỘT SẴN 350G,Meat,Fix weight,0,1,-1,Chưa tạo phiếu KFM
A123_8936176751007,A123,"=""8936176751007""",TNT - CHÈ BƯỞI 140G,Meat,Fix weight,0,3,-3,Chưa tạo phiếu KFM
A123_8936049693908,A123,"=""8936049693908""",HASFARM - HỖN HỢP XÀ LÁCH BABY VÀ ROCKET 100G ( ĐÃ RỬA SẠCH),Meat,Fix weight,0,2,-2,Chưa tạo phiếu KFM
A123_8936110050203,A123,"=""8936110050203""",SWEETHOME - CREPE PUDDING VỊ MATCHA 100G,Meat,Fix weight,0,1,-1,Chưa tạo phiếu KFM
A123_8934673501033,A123,"=""8934673501033""",VINAMILK - SCA GREEN FARM CAO ĐẠM MẬT ONG TỰ NHIÊN NGŨ CỐC 123G,Meat,Fix weight,0,10,-10,Chưa tạo phiếu KFM
A123_8850393919975,A123,"=""8850393919975""",BETAGEN - SỮA CHUA UỐNG HƯƠNG TỰ NHIÊN 400ML,Meat,Fix weight,0,6,-6,Chưa tạo phiếu KFM
A123_8936219620192,A123,"=""8936219620192""",SAMHO - SUMIRI CÀNG CUA HOÀNG ĐẾ 70G,Meat,Fix weight,0,6,-6,Chưa tạo phiếu KFM
A123_8934673501040,A123,"=""8934673501040""",VINAMILK - SCA GREEN FARM CAO ĐẠM CÀ PHÊ TỰ NHIÊN NGŨ CỐC 123G,Meat,Fix weight,0,8,-8,Chưa tạo phiếu KFM
A123_8938503131728,A123,"=""8938503131728""",ĐÀ LẠT MILK - SỮA TƯƠI THANH TRÙNG SÔCÔLA 180ML,Meat,Fix weight,0,6,-6,Chưa tạo phiếu KFM
A123_11549,A123,"=""11549""",SẢ XAY 50G,Meat,Fix weight,0,2,-2,Chưa tạo phiếu KFM
A123_11548,A123,"=""11548""",ỚT XAY 50G,Meat,Fix weight,0,1,-1,Chưa tạo phiếu KFM
A123_8936110051361,A123,"=""8936110051361""",SWEETHOME - CHÈ ĐẬU TRẮNG CỐT DỪA 140G,Meat,Fix weight,0,1,-1,Chưa tạo phiếu KFM
A123_11547,A123,"=""11547""",HÀNH TÍM XAY 50G,Meat,Fix weight,0,2,-2,Chưa tạo phiếu KFM
A123_8934717600784,A123,"=""8934717600784""",CJ CẦU TRE - XÚC XÍCH ỨC GÀ COCKTAIL PHÔ MAI 200G,Meat,Fix weight,0,4,-4,Chưa tạo phiếu KFM
A123_8936000750206,A123,"=""8936000750206""",ICHIBAN - ĐẬU HŨ TRẮNG ICHI - SAKURA 240G,Meat,Fix weight,0,4,-4,Chưa tạo phiếu KFM
A123_8934673500432,A123,"=""8934673500432""",VINAMILK - SCA TRÂN CHÂU ĐƯỜNG ĐEN 100G,Meat,Fix weight,0,4,-4,Chưa tạo phiếu KFM
A123_SP001576,A123,"=""SP001576""",BBANG HOUSE - BÁNH SU KEM 140G,Meat,Fix weight,0,1,-1,Chưa tạo phiếu KFM
A123_11546,A123,"=""11546""",HÀNH TÍM BÓC VỎ 100G,Meat,Fix weight,0,1,-1,Chưa tạo phiếu KFM
A123_8936076279328,A123,"=""8936076279328""",SAVOURE - BÁNH SU KEM 150G,Meat,Fix weight,0,5,-5,Chưa tạo phiếu KFM
A123_8935318100062,A123,"=""8935318100062""",ĐÀ LẠT MILK -  SỮA TƯƠI THANH TRÙNG ÍT ĐƯỜNG 450ML,Meat,Fix weight,0,4,-4,Chưa tạo phiếu KFM
A123_8934673608824,A123,"=""8934673608824""",VINAMILK - SCA TRÁI CÂY 100G,Meat,Fix weight,0,16,-16,Chưa tạo phiếu KFM
A123_8850393801379,A123,"=""8850393801379""",BETAGEN - SỮA CHUA UỐNG HƯƠNG DÂU 300ML,Meat,Fix weight,0,2,-2,Chưa tạo phiếu KFM
A123_8938505512204,A123,"=""8938505512204""",SENTA - KHOAI SỌ GỌT VỎ 400G,Meat,Fix weight,0,1,-1,Chưa tạo phiếu KFM
A123_8938562884368,A123,"=""8938562884368""",MINH NHẬT - MOCHI VỊ TRUYỀN THỐNG CHẤM XỐT KEM TƯƠI 85G,Meat,Fix weight,0,1,-1,Chưa tạo phiếu KFM
A123_11039,A123,"=""11039""",YOSHIMOTO - NẤM MỠ MIX PREMIUM GLOBALG.A.P 200G,Meat,Fix weight,0,1,-1,Chưa tạo phiếu KFM
A123_11682,A123,"=""11682""",BÔNG CẢI TRẮNG SƠ CHẾ 200G,Meat,Fix weight,0,2,-2,Chưa tạo phiếu KFM
A123_8936210410815,A123,"=""8936210410815""",KITKOOL - BÁNH GIÒ TÔM THỊT TRỨNG CÚT 150G,Meat,Fix weight,0,4,-4,Chưa tạo phiếu KFM
A123_8936000750343,A123,"=""8936000750343""",ICHIBAN - ĐẬU HŨ CHIÊN PHỒNG 300G,Meat,Fix weight,0,2,-2,Chưa tạo phiếu KFM
A123_11244,A123,"=""11244""",CÓC CẮT SẴN 400G,Meat,Fix weight,0,1,-1,Chưa tạo phiếu KFM
A123_8936176750017,A123,"=""8936176750017""",TNT - RAU CÂU NƯỚC DỪA 140G,Meat,Fix weight,0,1,-1,Chưa tạo phiếu KFM
A123_10606,A123,"=""10606""",HỒNG TÁO HỘP 500G,Meat,Fix weight,0,6,-6,Chưa tạo phiếu KFM
A123_8934673500777,A123,"=""8934673500777""",VINAMILK - SCA LỰU ĐỎ ÍT ĐƯỜNG 100G,Meat,Fix weight,0,12,-12,Chưa tạo phiếu KFM
A123_11742,A123,"=""11742""",MÍA TƯƠI CẮT KHÚC 500G,Meat,Fix weight,0,2,-2,Chưa tạo phiếu KFM
A123_8934673300179,A123,"=""8934673300179""",VINAMILK - SCU PROBI NGHỆ MẬT ONG 4*130ML,Meat,Fix weight,0,6,-6,Chưa tạo phiếu KFM
A123_8935335401869,A123,"=""8935335401869""",THỌ PHÁT - BÁNH BAO GÀ NƯỚNG PHÔ MAI 400G (4x100G),Meat,Fix weight,0,2,-2,Chưa tạo phiếu KFM
A123_8936146446742,A123,"=""8936146446742""",G - GIÒ THỦ 200G,Meat,Fix weight,0,6,-6,Chưa tạo phiếu KFM
A123_10368,A123,"=""10368""",NHO ĐỎ KẸO MỸ HỘP 450G,Meat,Fix weight,0,1,-1,Chưa tạo phiếu KFM
A123_8935318100093,A123,"=""8935318100093""",ĐÀ LẠT MILK -  SỮA TƯƠI THANH TRÙNG CHUỐI HỘP 180ML,Meat,Fix weight,0,6,-6,Chưa tạo phiếu KFM
A123_8885020330038,A123,"=""8885020330038""",DALAT HILL- XÀ LÁCH HỖN HỢP GOURMET ITALIAN 100G,Meat,Fix weight,0,1,-1,Chưa tạo phiếu KFM
A123_11437,A123,"=""11437""",VỈ BÍ ĐỎ CẮT KHÚC 400G,Meat,Fix weight,0,2,-2,Chưa tạo phiếu KFM
A123_8938562884405,A123,"=""8938562884405""",MINH NHẬT - RAU CÂU FLAN PHOMAI CÀ PHÊ 120G,Meat,Fix weight,0,4,-4,Chưa tạo phiếu KFM
A123_11757,A123,"=""11757""",NẤM MỠ TRẮNG 150G,Meat,Fix weight,0,1,-1,Chưa tạo phiếu KFM
A123_8938508547616,A123,"=""8938508547616""",BIBIGO - KIM CHI CẢI THẢO NGÒ 500G,Meat,Fix weight,0,4,-4,Chưa tạo phiếu KFM
A123_8938562884061,A123,"=""8938562884061""",MINH NHẬT - CÀ PHÊ MUỐI 100ML,Meat,Fix weight,0,1,-1,Chưa tạo phiếu KFM
A123_8938562884023,A123,"=""8938562884023""",MINH NHẬT - RAU CÂU 3 MÀU 120G,Meat,Fix weight,0,2,-2,Chưa tạo phiếu KFM
A123_8936183060840,A123,"=""8936183060840""",GFU - KHOAI LANG HẤP TAM SẮC 200G,Meat,Fix weight,0,1,-1,Chưa tạo phiếu KFM
A123_8936176751021,A123,"=""8936176751021""",TNT - CHÈ BẮP 140G,Meat,Fix weight,0,3,-3,Chưa tạo phiếu KFM
A123_8938562884016,A123,"=""8938562884016""",MINH NHẬT - CHÈ DƯỠNG NHAN 330G,Meat,Fix weight,0,1,-1,Chưa tạo phiếu KFM
A123_8936146446728,A123,"=""8936146446728""",G - CHẢ LỤA 200G,Meat,Fix weight,0,2,-2,Chưa tạo phiếu KFM
A123_8936045452066,A123,"=""8936045452066""",NIPPON CHV - XÚC XÍCH SCHAU ESSEN 200G,Meat,Fix weight,0,4,-4,Chưa tạo phiếu KFM
A123_8936110051842,A123,"=""8936110051842""",SWEETHOME - BÁNH BÔNG LAN KEM TUYẾT 90G,Meat,Fix weight,0,1,-1,Chưa tạo phiếu KFM
A123_8938503131056,A123,"=""8938503131056""",ĐÀ LẠT MILK - SỮA TƯƠI THANH TRÙNG HƯƠNG DÂU 180ML,Meat,Fix weight,0,2,-2,Chưa tạo phiếu KFM
A123_8936076278765,A123,"=""8936076278765""",SAVOURE - BÁNH SU KEM SỮA CHANH DÂY 75G,Meat,Fix weight,0,1,-1,Chưa tạo phiếu KFM
A123_8938503131780,A123,"=""8938503131780""",ĐÀ LẠT MILK - SỮA TƯƠI THANH TRÙNG 180ML,Meat,Fix weight,0,4,-4,Chưa tạo phiếu KFM
A123_8936076271957,A123,"=""8936076271957""",SAVOURE - BÁNH ỐC KEM 70G,Meat,Fix weight,0,1,-1,Chưa tạo phiếu KFM
A123_8938503131742,A123,"=""8938503131742""",ĐÀ LẠT MILK - SỮA TƯƠI THANH TRÙNG 450ML,Meat,Fix weight,0,4,-4,Chưa tạo phiếu KFM
A123_8936195180758,A123,"=""8936195180758""",HAHA - CHẢ LỤA 500G,Meat,Fix weight,0,4,-4,Chưa tạo phiếu KFM
A123_8936146447305,A123,"=""8936146447305""",G - NEM CHUA BÌ ỚT XIÊM XANH 180G,Meat,Fix weight,0,4,-4,Chưa tạo phiếu KFM
A123_10094,A123,"=""10094""",BLUEBERRY MỸ HỘP 125G,Meat,Fix weight,0,3,-3,Chưa tạo phiếu KFM
A123_8938562884191,A123,"=""8938562884191""",MINH NHẬT - RAU CÂU FLAN PHOMAI CÀ PHÊ 300G,Meat,Fix weight,0,1,-1,Chưa tạo phiếu KFM
A123_8936049693892,A123,"=""8936049693892""",HASFARM - HỖN HỢP XÀ LÁCH BABY 100G ( ĐÃ RỬA SẠCH),Meat,Fix weight,0,2,-2,Chưa tạo phiếu KFM
A123_8936110050494,A123,"=""8936110050494""",SWEETHOME - RAU CÂU FLAN SƠN THUỶ 145G,Meat,Fix weight,0,1,-1,Chưa tạo phiếu KFM
A123_11540,A123,"=""11540""",HỖN HỢP CƠM CHIÊN DƯƠNG CHÂU 150G,Meat,Fix weight,0,1,-1,Chưa tạo phiếu KFM
A123_8935007101059,A123,"=""8935007101059""",LOTHAMILK - SỮA THANH TRÙNG KHÔNG ĐƯỜNG 946ML,Meat,Fix weight,0,2,-2,Chưa tạo phiếu KFM
A123_8936176751014,A123,"=""8936176751014""",TNT - CHÈ MÔN 140G,Meat,Fix weight,0,1,-1,Chưa tạo phiếu KFM
A123_8936009793167,A123,"=""8936009793167""",MORINAGA - SỮA CHUA KHÔNG BÉO ÍT ĐƯỜNG 100G,Meat,Fix weight,0,16,-16,Chưa tạo phiếu KFM
A158_11106,A158,"=""11106""",BÔNG CẢI XANH SƠ CHẾ 250G,Meat,Fix weight,0,2,-2,Chưa tạo phiếu KFM
A158_SP001576,A158,"=""SP001576""",BBANG HOUSE - BÁNH SU KEM 140G,Meat,Fix weight,0,1,-1,Chưa tạo phiếu KFM
A158_11591,A158,"=""11591""",MÍT ĐỎ LỘT SẴN HỘP 350G,Meat,Fix weight,0,1,-1,Chưa tạo phiếu KFM
A158_8936076278758,A158,"=""8936076278758""",SAVOURE - BÁNH SU KEM SỮA CÀ PHÊ MUỐI 75G,Meat,Fix weight,0,1,-1,Chưa tạo phiếu KFM
A158_8935007110457,A158,"=""8935007110457""",LOTHAMILK - SCA NHA ĐAM 95G,Meat,Fix weight,0,24,-24,Chưa tạo phiếu KFM
A158_8934717600784,A158,"=""8934717600784""",CJ CẦU TRE - XÚC XÍCH ỨC GÀ COCKTAIL PHÔ MAI 200G,Meat,Fix weight,0,6,-6,Chưa tạo phiếu KFM
A158_9415007051398,A158,"=""9415007051398""",ANCHOR - BƠ LẠT VỈ 10X7G,Meat,Fix weight,0,4,-4,Chưa tạo phiếu KFM
A158_8936009793167,A158,"=""8936009793167""",MORINAGA - SỮA CHUA KHÔNG BÉO ÍT ĐƯỜNG 100G,Meat,Fix weight,0,12,-12,Chưa tạo phiếu KFM
A158_8938503131377,A158,"=""8938503131377""",ĐÀ LẠT MILK - SỮA CHUA CÓ ĐƯỜNG 500G,Meat,Fix weight,0,2,-2,Chưa tạo phiếu KFM
A158_8936176751090,A158,"=""8936176751090""",TNT - CHUỐI RIM CỐT DỪA 140G,Meat,Fix weight,0,1,-1,Chưa tạo phiếu KFM
A158_8936146442249,A158,"=""8936146442249""",G - CHẢ LỤA BÌ ỚT XIÊM XANH QUE 50G,Meat,Fix weight,0,8,-8,Chưa tạo phiếu KFM
A158_8936146446742,A158,"=""8936146446742""",G - GIÒ THỦ 200G,Meat,Fix weight,0,4,-4,Chưa tạo phiếu KFM
A158_4903308014402,A158,"=""4903308014402""",QBB - PHÔ MAI NHẬT VỊ VANILLA 90G,Meat,Fix weight,0,4,-4,Chưa tạo phiếu KFM
A158_3073781153859,A158,"=""3073781153859""",BELCUBE - PHÔ MAI VUÔNG VỊ DÂU 15 VIÊN -78G,Meat,Fix weight,0,9,-9,Chưa tạo phiếu KFM
A158_8936216431029,A158,"=""8936216431029""",LC FOODS - DỒI SỤN THƯỢNG HẠNG 500G,Meat,Fix weight,0,4,-4,Chưa tạo phiếu KFM
A158_11764,A158,"=""11764""",TÁO TARZI NEWZEALAND TÚI 950G UP,Meat,Fix weight,0,1,-1,Chưa tạo phiếu KFM
A158_8938562884023,A158,"=""8938562884023""",MINH NHẬT - RAU CÂU 3 MÀU 120G,Meat,Fix weight,0,1,-1,Chưa tạo phiếu KFM
A158_8938503131056,A158,"=""8938503131056""",ĐÀ LẠT MILK - SỮA TƯƠI THANH TRÙNG HƯƠNG DÂU 180ML,Meat,Fix weight,0,2,-2,Chưa tạo phiếu KFM
A158_8936176751021,A158,"=""8936176751021""",TNT - CHÈ BẮP 140G,Meat,Fix weight,0,2,-2,Chưa tạo phiếu KFM
A158_8938505512204,A158,"=""8938505512204""",SENTA - KHOAI SỌ GỌT VỎ 400G,Meat,Fix weight,0,1,-1,Chưa tạo phiếu KFM
A158_11590,A158,"=""11590""",XOÀI ĐÀI LOAN CẮT SẴN HỘP 350G,Meat,Fix weight,0,1,-1,Chưa tạo phiếu KFM
A158_8936076271957,A158,"=""8936076271957""",SAVOURE - BÁNH ỐC KEM 70G,Meat,Fix weight,0,1,-1,Chưa tạo phiếu KFM
A158_8936034877856,A158,"=""8936034877856""",MEATDELI - MỠ HEO SẠCH NGUYÊN CHẤT 330G,Meat,Fix weight,0,2,-2,Chưa tạo phiếu KFM
A158_8936146446728,A158,"=""8936146446728""",G - CHẢ LỤA 200G,Meat,Fix weight,0,4,-4,Chưa tạo phiếu KFM
A158_8938500844027,A158,"=""8938500844027""",VỊ NGUYÊN - ĐẬU HŨ TA 280G,Meat,Fix weight,0,10,-10,Chưa tạo phiếu KFM
A158_9415262979116,A158,"=""9415262979116""",ANCHOR - KEM SỮA 200ML,Meat,Fix weight,0,4,-4,Chưa tạo phiếu KFM
A158_8935217410309,A158,"=""8935217410309""",TH TRUE MILK - SC MEN SỐNG TRÁI CÂY TỰ NHIÊN 100G LỐC 4,Meat,Fix weight,0,12,-12,Chưa tạo phiếu KFM
A158_11742,A158,"=""11742""",MÍA TƯƠI CẮT KHÚC 500G,Meat,Fix weight,0,2,-2,Chưa tạo phiếu KFM
A158_8938562884368,A158,"=""8938562884368""",MINH NHẬT - MOCHI VỊ TRUYỀN THỐNG CHẤM XỐT KEM TƯƠI 85G,Meat,Fix weight,0,1,-1,Chưa tạo phiếu KFM
A158_8935318100093,A158,"=""8935318100093""",ĐÀ LẠT MILK -  SỮA TƯƠI THANH TRÙNG CHUỐI HỘP 180ML,Meat,Fix weight,0,6,-6,Chưa tạo phiếu KFM
A158_8935304205849,A158,"=""8935304205849""",O'FOOD - BÁNH GẠO CHẢ CÁ 340G,Meat,Fix weight,0,4,-4,Chưa tạo phiếu KFM
A158_8935058911645,A158,"=""8935058911645""",CP - XÚC XÍCH COCKTAIL XÔNG KHÓI 250G,Meat,Fix weight,0,4,-4,Chưa tạo phiếu KFM
A158_11109,A158,"=""11109""",HỖN HỢP BÔNG CẢI SƠ CHẾ 250G,Meat,Fix weight,0,3,-3,Chưa tạo phiếu KFM
A158_8936204030371,A158,"=""8936204030371""",AN LẠC - HẠT SEN TƯƠI 200G,Meat,Fix weight,0,1,-1,Chưa tạo phiếu KFM
A158_8936049694431,A158,"=""8936049694431""",HỖN HỢP XÀ LÁCH RADICHIO VÀ ROCKET 100G (ĐÃ RỬA SẠCH),Meat,Fix weight,0,2,-2,Chưa tạo phiếu KFM
A158_8936076278765,A158,"=""8936076278765""",SAVOURE - BÁNH SU KEM SỮA CHANH DÂY 75G,Meat,Fix weight,0,1,-1,Chưa tạo phiếu KFM
A158_8938562884405,A158,"=""8938562884405""",MINH NHẬT - RAU CÂU FLAN PHOMAI CÀ PHÊ 120G,Meat,Fix weight,0,1,-1,Chưa tạo phiếu KFM
A158_8938503131780,A158,"=""8938503131780""",ĐÀ LẠT MILK - SỮA TƯƠI THANH TRÙNG 180ML,Meat,Fix weight,0,4,-4,Chưa tạo phiếu KFM
A158_8936183060734,A158,"=""8936183060734""",GFU - XOÀI NGÂM CHUA NGỌT 300G,Meat,Fix weight,0,2,-2,Chưa tạo phiếu KFM
A158_8934673613828,A158,"=""8934673613828""",VINAMILK - SCA ÍT ĐƯỜNG 100G,Meat,Fix weight,0,96,-96,Chưa tạo phiếu KFM
A158_8938562884375,A158,"=""8938562884375""",MINH NHẬT - MOCHI VỊ MATCHA CHẤM XỐT KEM TƯƠI 85G,Meat,Fix weight,0,1,-1,Chưa tạo phiếu KFM
A158_8938503131810,A158,"=""8938503131810""",ĐÀ LẠT MILK - SỮA TƯƠI THANH TRÙNG 950ML,Meat,Fix weight,0,4,-4,Chưa tạo phiếu KFM
A158_8935007117135,A158,"=""8935007117135""",LOTHAMILK - SỮA THANH TRÙNG CÓ ĐƯỜNG CHAI 473ML,Meat,Fix weight,0,6,-6,Chưa tạo phiếu KFM
A158_8936049693892,A158,"=""8936049693892""",HASFARM - HỖN HỢP XÀ LÁCH BABY 100G ( ĐÃ RỬA SẠCH),Meat,Fix weight,0,1,-1,Chưa tạo phiếu KFM
A158_8938503131971,A158,"=""8938503131971""",ĐÀ LẠT MILK - SỮA CHUA VỊ TỰ NHIÊN 500G,Meat,Fix weight,0,2,-2,Chưa tạo phiếu KFM
A158_SP001577,A158,"=""SP001577""",BBANG HOUSE - BÁNH CUSTARD 150G,Meat,Fix weight,0,1,-1,Chưa tạo phiếu KFM
A158_SP001578,A158,"=""SP001578""",BBANG HOUSE - BÁNH KEM CỐT SOCOLA 120G,Meat,Fix weight,0,3,-3,Chưa tạo phiếu KFM
A158_11437,A158,"=""11437""",VỈ BÍ ĐỎ CẮT KHÚC 400G,Meat,Fix weight,0,1,-1,Chưa tạo phiếu KFM
A158_8934673435505,A158,"=""8934673435505""",VINAMILK - SCU PROBI HƯƠNG DƯA GANG 65ML.,Meat,Fix weight,0,10,-10,Chưa tạo phiếu KFM
A158_10610,A158,"=""10610""",ZESPRI - HỘP KIWI VÀNG CHÍN 4 QUẢ,Meat,Fix weight,0,1,-1,Chưa tạo phiếu KFM
A158_9310653105597,A158,"=""9310653105597""",CHOBANI - SỮA CHUA HY LẠP VỊ VIỆT QUẤT 160G,Meat,Fix weight,0,2,-2,Chưa tạo phiếu KFM
A158_8936219620192,A158,"=""8936219620192""",SAMHO - SUMIRI CÀNG CUA HOÀNG ĐẾ 70G,Meat,Fix weight,0,10,-10,Chưa tạo phiếu KFM
A158_8936146447305,A158,"=""8936146447305""",G - NEM CHUA BÌ ỚT XIÊM XANH 180G,Meat,Fix weight,0,6,-6,Chưa tạo phiếu KFM
A158_8936219620178,A158,"=""8936219620178""",SAMHO - THANH SUMIRI JUMBO HƯƠNG CUA 45G,Meat,Fix weight,0,1,-1,Chưa tạo phiếu KFM
A158_8938562884061,A158,"=""8938562884061""",MINH NHẬT - CÀ PHÊ MUỐI 100ML,Meat,Fix weight,0,1,-1,Chưa tạo phiếu KFM
A158_8938511301618,A158,"=""8938511301618""",THƠM - HỒNG TRÀ SỮA BÁ TƯỚC 250ML,Meat,Fix weight,0,3,-3,Chưa tạo phiếu KFM
A158_8938503131742,A158,"=""8938503131742""",ĐÀ LẠT MILK - SỮA TƯƠI THANH TRÙNG 450ML,Meat,Fix weight,0,2,-2,Chưa tạo phiếu KFM
A158_11749,A158,"=""11749""",TÁO GALA NEW ZEALAND TÚI 950G UP,Meat,Fix weight,0,2,-2,Chưa tạo phiếu KFM
A158_8938508547579,A158,"=""8938508547579""",BIBIGO - KIM CHI CẢI THẢO CẮT LÁT 500G,Meat,Fix weight,0,2,-2,Chưa tạo phiếu KFM
A158_8935335401869,A158,"=""8935335401869""",THỌ PHÁT - BÁNH BAO GÀ NƯỚNG PHÔ MAI 400G (4x100G),Meat,Fix weight,0,2,-2,Chưa tạo phiếu KFM
A158_11550,A158,"=""11550""",TỎI HẢI DƯƠNG XAY 50G,Meat,Fix weight,0,5,-5,Chưa tạo phiếu KFM
A158_11546,A158,"=""11546""",HÀNH TÍM BÓC VỎ 100G,Meat,Fix weight,0,1,-1,Chưa tạo phiếu KFM
A158_8936176751182,A158,"=""8936176751182""",TNT - CHÈ BÀ BA 140G,Meat,Fix weight,0,2,-2,Chưa tạo phiếu KFM
A158_8936110051842,A158,"=""8936110051842""",SWEETHOME - BÁNH BÔNG LAN KEM TUYẾT 90G,Meat,Fix weight,0,2,-2,Chưa tạo phiếu KFM
A158_11575,A158,"=""11575""",LÊ ĐƯỜNG TÚI 1.2KG,Meat,Fix weight,0,2,-2,Chưa tạo phiếu KFM
A158_8935360200055,A158,"=""8935360200055""",CHERRY MỸ 500G,Meat,Fix weight,0,1,-1,Chưa tạo phiếu KFM
A158_4903308019001,A158,"=""4903308019001""",QBB - PHÔ MAI NHẬT VỊ DÂU 90G,Meat,Fix weight,0,2,-2,Chưa tạo phiếu KFM
A158_8888470042001,A158,"=""8888470042001""",MEIJI - SỮA THANH TRÙNG SOCOLA 200ML,Meat,Fix weight,0,2,-2,Chưa tạo phiếu KFM
A158_8850329103003,A158,"=""8850329103003""",MEIJI - SỮA THANH TRÙNG 946ML,Meat,Fix weight,0,2,-2,Chưa tạo phiếu KFM
A158_8936034876811,A158,"=""8936034876811""",PONNIE - XÚC XÍCH XÔNG KHÓI 450G,Meat,Fix weight,0,6,-6,Chưa tạo phiếu KFM
A158_11549,A158,"=""11549""",SẢ XAY 50G,Meat,Fix weight,0,2,-2,Chưa tạo phiếu KFM
A158_11498,A158,"=""11498""",HỖN HỢP BÔNG CẢI VÀ CÀ RỐT 300G,Meat,Fix weight,0,1,-1,Chưa tạo phiếu KFM
A158_8936176751175,A158,"=""8936176751175""",TNT - CHÈ DỪA NON KIỂU THÁI 140G,Meat,Fix weight,0,1,-1,Chưa tạo phiếu KFM
A158_8936110050494,A158,"=""8936110050494""",SWEETHOME - RAU CÂU FLAN SƠN THUỶ 145G,Meat,Fix weight,0,4,-4,Chưa tạo phiếu KFM
A158_8936110051361,A158,"=""8936110051361""",SWEETHOME - CHÈ ĐẬU TRẮNG CỐT DỪA 140G,Meat,Fix weight,0,1,-1,Chưa tạo phiếu KFM
A158_8938505512044,A158,"=""8938505512044""",SENTA - CỦ SEN TƯƠI CẮT LÁT 250G,Meat,Fix weight,0,2,-2,Chưa tạo phiếu KFM
A158_8938508547562,A158,"=""8938508547562""",BIBIGO - KIM CHI CẢI THẢO CẮT LÁT 100G,Meat,Fix weight,0,4,-4,Chưa tạo phiếu KFM
A158_11702,A158,"=""11702""",CHERRY MỸ HỘP 300G,Meat,Fix weight,0,3,-3,Chưa tạo phiếu KFM
A158_11566,A158,"=""11566""",BẮP CHUỐI BÀO 200G,Meat,Fix weight,0,2,-2,Chưa tạo phiếu KFM
A158_8938503131728,A158,"=""8938503131728""",ĐÀ LẠT MILK - SỮA TƯƠI THANH TRÙNG SÔCÔLA 180ML,Meat,Fix weight,0,4,-4,Chưa tạo phiếu KFM
A158_8936049693908,A158,"=""8936049693908""",HASFARM - HỖN HỢP XÀ LÁCH BABY VÀ ROCKET 100G ( ĐÃ RỬA SẠCH),Meat,Fix weight,0,1,-1,Chưa tạo phiếu KFM
A158_8938505512211,A158,"=""8938505512211""",SENTA - KHOAI MÔN GỌT VỎ 400G,Meat,Fix weight,0,2,-2,Chưa tạo phiếu KFM
A158_8936146440467,A158,"=""8936146440467""",G - CHẢ LỤA BÌ ỚT XIÊM XANH 500G,Meat,Fix weight,0,6,-6,Chưa tạo phiếu KFM
A158_8936034878037,A158,"=""8936034878037""",PONNIE - XIÊN XÚC XÍCH PHÔ MAI 50G,Meat,Fix weight,0,1,-1,Chưa tạo phiếu KFM
A158_8938500844430,A158,"=""8938500844430""",VỊ NGUYÊN - ĐẬU HŨ KY CUỘN TƯƠI 200G,Meat,Fix weight,0,2,-2,Chưa tạo phiếu KFM
A158_8935360200116,A158,"=""8935360200116""",NHO ĐEN MỸ HỘP 450G,Meat,Fix weight,0,1,-1,Chưa tạo phiếu KFM
A158_3073781154351,A158,"=""3073781154351""",CON BÒ CƯỜI - PHÔ MAI CON BÒ CƯỜI 8M 112G,Meat,Fix weight,0,4,-4,Chưa tạo phiếu KFM
A158_8938562884016,A158,"=""8938562884016""",MINH NHẬT - CHÈ DƯỠNG NHAN 330G,Meat,Fix weight,0,2,-2,Chưa tạo phiếu KFM
A158_8936176751007,A158,"=""8936176751007""",TNT - CHÈ BƯỞI 140G,Meat,Fix weight,0,1,-1,Chưa tạo phiếu KFM
A158_8935007101059,A158,"=""8935007101059""",LOTHAMILK - SỮA THANH TRÙNG KHÔNG ĐƯỜNG 946ML,Meat,Fix weight,0,2,-2,Chưa tạo phiếu KFM
A158_8936204030586,A158,"=""8936204030586""",AN LẠC- ĐẬU TƯƠI HỖN HỢP 100G,Meat,Fix weight,0,1,-1,Chưa tạo phiếu KFM
A158_3073781203875,A158,"=""3073781203875""",BELCUBE - PHÔ MAI VỊ VIỆT QUẤT GÓI 15 VIÊN - 78G,Meat,Fix weight,0,3,-3,Chưa tạo phiếu KFM
A158_8936034876576,A158,"=""8936034876576""",MEAT DELI - CHẢ CHIÊN 300G,Meat,Fix weight,0,2,-2,Chưa tạo phiếu KFM
A158_8938528582574,A158,"=""8938528582574""",NGỌC TÚ - BÁNH GIÒ THỊT HEO TRỨNG CÚT 160G,Meat,Fix weight,0,2,-2,Chưa tạo phiếu KFM
A158_11548,A158,"=""11548""",ỚT XAY 50G,Meat,Fix weight,0,1,-1,Chưa tạo phiếu KFM
A158_8850393919975,A158,"=""8850393919975""",BETAGEN - SỮA CHUA UỐNG HƯƠNG TỰ NHIÊN 400ML,Meat,Fix weight,0,6,-6,Chưa tạo phiếu KFM
A158_6954463411658,A158,"=""6954463411658""",PULMUONE - MỲ UDON ĐẬU HŨ CHẢ CÁ 275G,Meat,Fix weight,0,4,-4,Chưa tạo phiếu KFM
A158_8935007117098,A158,"=""8935007117098""",LOTHAMILK - SỮA THANH TRÙNG CÓ ĐƯỜNG 857ML,Meat,Fix weight,0,10,-10,Chưa tạo phiếu KFM
A158_8934673320580,A158,"=""8934673320580""",VINAMILK - SCU PROBI HƯƠNG VIỆT QUẤT 4*130ML,Meat,Fix weight,0,6,-6,Chưa tạo phiếu KFM
A158_11567,A158,"=""11567""",RAU MUỐNG BÀO 200G,Meat,Fix weight,0,2,-2,Chưa tạo phiếu KFM
